review_id,text,relevance,sentiment,behaviours,barriers
b21618ab-d443-49f1-871c-253e1823a290,They cancelled my order without any proper reason,Direct,negative,Compared products,"Quality uncertainty, Delivery"
fb2f8c97-6406-4e6d-890c-ae30681befb1,awesome 😎 aapp 👍✅,Indirect,positive,"Purchased, Compared products, Wishlisted/Saved","Product appearance, Product discovery, Delivery, Product comparison, Availability, Reviews/ratings, Recommendations"
f60894d6-13a5-4e92-9363-9449e5c4386a,"I have been a Myntra customer for years but of late the product quality has deteriorated. customer care / contact us goes straight to AI and no solution we can find ever . product are send without quality check,. Tags are missing. The product sent of different company than what is ordered. seems like a big scam is going on . The app developer is responsible for providing good service. Return request are not being processed. Extremely disappointed.",Indirect,negative,"Purchased, Compared products, Waiting, Wishlisted/Saved","Quality uncertainty, Return/Exchange, Price, Product appearance, Reviews/ratings, Size/Fit, Delivery, Product discovery, Product comparison, Availability, Recommendations, Choice overload, Discount waiting, Trust"
a7440404-17e2-4102-9c5e-541d67fb1a1c,value for money nine shoes,Direct,positive,"Purchased, Compared products, Wishlisted/Saved","Price, Size/Fit, Product comparison, Availability"
72b8dae2-f910-49e7-b054-d894df80795d,very good experience and myn cash are my favourite,Indirect,positive,"Purchased, Wishlisted/Saved, Compared products",Reviews/ratings
a906d3dd-818c-43a4-aee4-c3021209d371,very good 👍,Indirect,positive,"Purchased, Compared products, Wishlisted/Saved","Reviews/ratings, Price, Product appearance, Availability, Delivery, Size/Fit"
dbc12083-defd-4dc1-97f9-824069ce9d6b,nice app,Indirect,positive,"Purchased, Wishlisted/Saved","Delivery, Product discovery, Reviews/ratings"
905c9aae-df97-4c47-a463-d72976096d8a,this is good platform for shopping,Direct,positive,"Wishlisted/Saved, Purchased, Compared products","Product comparison, Delivery, Product discovery, Size/Fit, Price, Reviews/ratings"
51b80e90-47b9-4f68-8f1e-a957e6fb9a45,sai h ceez,Indirect,neutral,"Purchased, Considered but didn't buy, Compared products",Product appearance
3cd0acca-0e81-4266-a08d-0efd782dc914,"What exactly happened to you Myntra? Since when you stopped caring about customers? How can you call Online Shopping app when you can't even deliver the products to users after charging them Money! Products won't be delivered even after weeks of promised delivery date. When issue was raised you simply keep on extending it to next 48 hours, it always ask us to wait for 24hrs simply to extend it to further days. Only reason you'll have is ""high volume"". How is that a valid reason for torturing us.",Indirect,negative,"Purchased, Compared products, Waiting","Delivery, Discount waiting, Price, Quality uncertainty, Availability, Choice overload, Product comparison, Product discovery, Size/Fit"
05c30482-8e83-40e9-bdaf-0688da88375d,excellent,Indirect,positive,"Purchased, Compared products, Wishlisted/Saved","Reviews/ratings, Product appearance, Availability, Price, Size/Fit, Delivery, Recommendations, Trust, Return/Exchange"
293cf17f-cf11-45d4-9ce6-4754f5643edb,excellent,Indirect,positive,"Purchased, Compared products, Wishlisted/Saved","Reviews/ratings, Product appearance, Availability, Price, Size/Fit, Delivery, Recommendations, Trust, Return/Exchange"
e21bad8b-37ba-45b3-824f-b8bf135c9c6a,👍🏻😊,Indirect,positive,"Purchased, Wishlisted/Saved, Compared products","Availability, Reviews/ratings, Product appearance, Trust"
ca34704f-c29d-4c48-b181-4c1b28687f45,very good,Indirect,positive,"Purchased, Compared products, Wishlisted/Saved","Reviews/ratings, Price, Product appearance, Availability, Delivery, Size/Fit, Recommendations"
793ce2c3-f41f-4805-b89c-19c60f741a2f,Excellent 👍,Indirect,positive,"Purchased, Compared products, Wishlisted/Saved","Reviews/ratings, Product appearance, Availability, Size/Fit, Price, Delivery, Return/Exchange, Trust, Recommendations, Product discovery, Product comparison"
325392bc-0cfa-4a2a-a749-dbde59d6dc9a,Fabulous 😍,Indirect,positive,"Purchased, Compared products, Wishlisted/Saved","Reviews/ratings, Product appearance, Size/Fit, Availability, Choice overload, Return/Exchange, Product discovery, Product comparison, Price, Delivery"
c0de97f9-177d-477f-936d-23b23ea88ca9,one of the best e commerce website with true retailers.,Direct,positive,"Purchased, Compared products, Considered but didn't buy, Wishlisted/Saved","Price, Product comparison, Delivery, Recommendations, Size/Fit, Product discovery, Product appearance, Trust, Availability, Reviews/ratings"
330b5432-8d70-498e-b297-46ae1b84c9c1,best shopping app,Direct,positive,"Purchased, Wishlisted/Saved, Compared products","Product discovery, Delivery, Price, Product comparison, Recommendations"
2f08044b-0c54-4fe2-b8b4-7abe33aea6de,good app for clothes,Indirect,positive,"Purchased, Wishlisted/Saved, Compared products",Size/Fit
51a8aa11-926c-43ae-a147-430d66b901ba,Good product,Indirect,positive,"Purchased, Compared products, Considered but didn't buy, Wishlisted/Saved","Availability, Delivery, Size/Fit, Product appearance, Reviews/ratings, Product comparison, Product discovery, Price"
53ba222e-b31c-4e1d-bec3-5b92d0f86ba0,so nice 👍 aap sabhi le sakte hai,Indirect,positive,"Purchased, Wishlisted/Saved, Compared products","Product appearance, Reviews/ratings, Trust"
fd7af7d4-5dab-43f0-aef6-5c76b5bc84a6,happy with service,Indirect,positive,"Purchased, Wishlisted/Saved, Compared products","Availability, Delivery, Reviews/ratings, Price, Product appearance"
73558eff-efb9-4da5-bec1-e2824968d687,"Good interface and shopping experience.I placed the order and it showed,it will be delivered in 2 days.I waited for it and on the day of delivery,they ghosted me at evening saying order cancelled due to operation constrains.Like why did you waste my time,would not recommend to people that actually need the product on time.Wasted my 2 days.",Indirect,positive,"Waiting, Purchased, Compared products, Considered but didn't buy","Quality uncertainty, Availability, Delivery, Discount waiting, Reviews/ratings, Size/Fit, Product appearance, Trust, Product discovery, Price, Recommendations, Return/Exchange, Choice overload"
b12c5f6f-555b-46dd-a6f7-83aaeb0fed01,good product and fast delivery 👌,Direct,positive,"Purchased, Compared products, Wishlisted/Saved, Waiting","Delivery, Availability, Product appearance, Reviews/ratings, Size/Fit, Recommendations, Discount waiting, Product comparison"
a332d68d-2252-45e2-894e-1e2e3dc96e23,awesome app ...,Indirect,positive,"Purchased, Wishlisted/Saved, Considered but didn't buy","Product discovery, Delivery, Price, Product comparison, Recommendations, Trust, Availability, Size/Fit"
e8c02c9a-53f8-418a-8762-91a6745bcd3c,good 👍,Indirect,positive,"Purchased, Wishlisted/Saved, Compared products","Reviews/ratings, Availability, Trust, Product appearance"
261ff4fd-3c2d-4d34-82df-64862529a31e,nice,Indirect,positive,"Purchased, Considered but didn't buy, Wishlisted/Saved, Compared products","Product appearance, Reviews/ratings"
166f01ff-162a-415f-933f-1ce3c81d4531,"shittiest services ...they deliver the incorrect order first and then delay the exchange, making it worse, don't even let me cancel the order and then I get stuck in the endless customer care loop, they disconnected the calls in between and don't even provide refund later...worst experience",Indirect,negative,"Purchased, Compared products, Considered but didn't buy, Wishlisted/Saved, Waiting","Return/Exchange, Delivery, Choice overload, Quality uncertainty, Size/Fit, Reviews/ratings, Availability, Price, Recommendations, Discount waiting, Product appearance"
aaad2b9a-7036-41c3-95f3-1248177b604f,great,Indirect,positive,"Purchased, Compared products, Wishlisted/Saved","Availability, Reviews/ratings, Product appearance"
e7220037-d4d9-41da-b92c-37652bf85cfa,very nice 👌,Indirect,positive,"Purchased, Wishlisted/Saved, Compared products, Considered but didn't buy","Product appearance, Reviews/ratings, Price"
7e177dfa-cdae-44c9-a7e2-b424da5cb4cf,nove,Indirect,neutral,"Purchased, Considered but didn't buy","Quality uncertainty, Product discovery"
b3a0a46b-dedc-418b-a2c8-0719a1ed88fd,excellent,Indirect,positive,"Purchased, Compared products, Wishlisted/Saved","Reviews/ratings, Product appearance, Availability, Price, Size/Fit, Delivery, Recommendations, Trust, Return/Exchange"
5dad1740-28e3-4bc9-83df-88b2b6868253,Very Good 👍,Direct,positive,"Purchased, Wishlisted/Saved, Compared products, Waiting","Reviews/ratings, Size/Fit, Availability, Product appearance, Delivery, Trust, Price, Return/Exchange, Recommendations"
d947a6dc-27e6-4914-b987-b533a6cdacc4,100% guarantee app,Direct,positive,Purchased,"Availability, Delivery, Product discovery"
a94a4754-e7f8-4ff1-8d4b-7d26638ded2f,excellent quality of cloths ... go for it,Direct,positive,"Purchased, Compared products, Wishlisted/Saved","Product appearance, Availability, Product comparison, Price, Size/Fit, Reviews/ratings"
fed85a40-cb1c-4680-8fcd-cd7827ba61d3,good,Indirect,positive,"Purchased, Compared products, Wishlisted/Saved, Considered but didn't buy","Availability, Reviews/ratings, Product appearance, Recommendations, Size/Fit, Quality uncertainty, Trust, Price"
1fa8f5c8-9c91-49a0-849a-5831cc4e1603,good,Indirect,positive,"Purchased, Compared products, Wishlisted/Saved, Considered but didn't buy","Availability, Reviews/ratings, Product appearance, Recommendations, Size/Fit, Quality uncertainty, Trust, Price"
ae2458dd-ce15-4584-9e38-e775ee058a6c,good,Indirect,positive,"Purchased, Compared products, Wishlisted/Saved, Considered but didn't buy","Availability, Reviews/ratings, Product appearance, Recommendations, Size/Fit, Quality uncertainty, Trust, Price"
0dc83d21-d288-4fe3-8e22-0361fae9a4f8,fast delivery such a nice experience,Direct,positive,"Purchased, Wishlisted/Saved, Compared products","Delivery, Availability, Reviews/ratings, Size/Fit, Price, Product appearance, Recommendations"
2cdf0d5b-62d2-4a4e-b2a4-44325ae3d9e8,great experience,Direct,positive,"Purchased, Compared products, Wishlisted/Saved","Availability, Reviews/ratings, Delivery, Price"
757178d5-6e0c-4d19-af1f-a82dcfe9903f,Nice experience,Indirect,positive,"Purchased, Wishlisted/Saved, Compared products","Availability, Reviews/ratings, Product appearance, Delivery, Size/Fit, Price"
27847469-2991-46a1-a468-6c8ad8d22d00,I don't know why I give1 star also...my offer order directly canceled...without my knowledge and refund credited...but atleast check why we ordered on your site..& also check customer urgencies...My experience is very very bad 👎,Direct,negative,"Purchased, Compared products","Reviews/ratings, Delivery, Price, Return/Exchange, Choice overload, Quality uncertainty, Size/Fit, Availability"
63a6fb53-52ff-4c38-bb8e-27c1f03734ca,good 👍 myntra,Indirect,positive,"Purchased, Compared products, Wishlisted/Saved","Reviews/ratings, Product appearance"
dfc8886c-a8a0-493d-9ae4-9106af94f1d2,very good,Indirect,positive,"Purchased, Compared products, Wishlisted/Saved","Reviews/ratings, Price, Product appearance, Availability, Delivery, Size/Fit, Recommendations"
52f227b2-a245-48ba-ba7a-9deedf34caa6,Nice,Indirect,positive,"Purchased, Wishlisted/Saved, Compared products, Considered but didn't buy","Product appearance, Reviews/ratings, Size/Fit, Availability, Price"
9cf60427-2b17-4db4-a58a-824f98e44377,very High platform Fee not refunded,Direct,negative,"Purchased, Considered but didn't buy, Compared products","Price, Delivery, Availability, Reviews/ratings"
882ceeb4-2f4c-40dd-8035-7b4ad95b3e5c,Delivers exactly as is shown in the pictures,Direct,neutral,Purchased,"Delivery, Availability, Product appearance, Size/Fit, Price"
c04ef51a-074f-44fa-83ac-9d408d3e7d0e,nice app,Indirect,positive,"Purchased, Wishlisted/Saved","Delivery, Product discovery, Reviews/ratings"
0b604ae1-bfc9-4ddb-ab59-835e9d53c385,Great Discount and wide rage of product.,Direct,positive,"Compared products, Purchased, Wishlisted/Saved","Product appearance, Product comparison, Price, Choice overload, Size/Fit, Delivery, Product discovery, Discount waiting, Reviews/ratings, Recommendations, Availability"
169784f4-8cf7-41f7-9fd7-31232e937a00,genuine quality genuine products,Direct,positive,"Compared products, Purchased, Considered but didn't buy, Wishlisted/Saved","Product comparison, Availability, Trust, Reviews/ratings, Delivery, Size/Fit"
174f535a-918c-4910-a660-3b1a7449a5c8,best quality and best Shopping App Myntra,Direct,positive,"Purchased, Compared products, Wishlisted/Saved","Product discovery, Product comparison, Reviews/ratings, Recommendations, Price, Product appearance, Availability"
9fc73e57-2479-44e7-a35c-b091829ec3d5,good,Indirect,positive,"Purchased, Compared products, Wishlisted/Saved, Considered but didn't buy","Availability, Reviews/ratings, Product appearance, Recommendations, Size/Fit, Quality uncertainty, Trust, Price"
d3353a1f-b81d-4c6c-984a-320a5a1a2ba1,Good quality,Direct,positive,"Purchased, Compared products, Considered but didn't buy, Wishlisted/Saved","Size/Fit, Product appearance, Availability, Price, Reviews/ratings, Delivery, Trust, Product comparison, Recommendations"
2e129cad-a5c7-4016-9fba-4e514d968ce0,"we have to continuously report a single issue multiple times but still they do not care about your concern. without resolving the issue they just show that the issue has been resolved. the products were missing. and also when you get refund for a return item the money is shown that it has been transferred but actually it has not been transferred. the customer care service is too slow, and very rigid.",Indirect,negative,"Purchased, Compared products, Waiting, Considered but didn't buy, Wishlisted/Saved","Return/Exchange, Quality uncertainty, Price, Choice overload, Availability, Size/Fit, Delivery, Product appearance, Recommendations, Discount waiting, Trust, Reviews/ratings, Product comparison, Product discovery"
10bdc81a-b7a9-4aa4-a559-601568aeb80b,one of the worst app I have ever experienced I ordered from there of 1100 words which was not of good quality return the product later on I got the message that I cancelled the request to return the product I don't even get the product and not even my refund show customers be aware about Myntra adjust cause fraud scams whatever you can call it,Indirect,negative,"Purchased, Compared products, Considered but didn't buy, Waiting","Quality uncertainty, Product appearance, Choice overload, Size/Fit, Reviews/ratings, Price, Recommendations, Return/Exchange, Availability"
a819ac23-7018-4084-b582-d08a603636b2,very good discount,Direct,positive,"Purchased, Wishlisted/Saved, Compared products","Price, Availability, Size/Fit, Reviews/ratings, Delivery, Product appearance, Product comparison"
617daf31-d483-4789-9d2b-2a50664b450c,super,Direct,positive,"Purchased, Compared products, Wishlisted/Saved","Availability, Product appearance, Size/Fit"
a669ed4d-befa-4e6c-813b-b769ffbb7a52,best experience on this app,Direct,positive,"Wishlisted/Saved, Purchased, Compared products","Recommendations, Reviews/ratings, Availability, Product comparison, Delivery, Price, Product discovery, Product appearance"
1f4fff4f-ae42-45c8-9567-d44145194ab7,it's good,Indirect,positive,"Purchased, Compared products, Wishlisted/Saved, Considered but didn't buy","Reviews/ratings, Availability, Product appearance, Price, Trust, Delivery, Recommendations, Return/Exchange, Size/Fit"
0c60366f-256d-450c-9b00-1a8de1705df6,nice,Indirect,positive,"Purchased, Considered but didn't buy, Wishlisted/Saved, Compared products","Product appearance, Reviews/ratings"
76b7f2a3-47b7-4bb1-94df-77210a4ca290,awesome 🌸,Indirect,positive,"Purchased, Wishlisted/Saved, Compared products, Considered but didn't buy","Reviews/ratings, Product appearance, Availability, Recommendations, Product comparison, Product discovery, Return/Exchange, Trust, Price, Delivery"
92f94a3f-084d-4642-ada7-28f54e8fdc21,this app is so good! like I've been using this app for a long time. never got scammed or anything...,Indirect,positive,"Purchased, Wishlisted/Saved, Compared products, Waiting","Reviews/ratings, Size/Fit, Recommendations, Delivery, Product discovery, Product comparison, Trust, Price, Availability, Return/Exchange, Product appearance, Quality uncertainty"
332acda9-1734-4edf-862c-2eaa95c900ea,Product quality is good at a low range price 🙌,Direct,positive,"Purchased, Compared products, Wishlisted/Saved, Considered but didn't buy, Waiting","Price, Product comparison, Discount waiting, Availability, Delivery, Size/Fit, Recommendations, Reviews/ratings, Trust, Product discovery, Return/Exchange, Product appearance, Quality uncertainty"
b46e429c-5612-4f9f-a32c-4e5b24cf1919,love this but platform fee 23 is a bit high.. please reduce it,Direct,positive,"Purchased, Wishlisted/Saved, Compared products","Price, Delivery, Reviews/ratings, Product comparison"
dc36f643-692d-4a62-bf0d-0e353f57b5eb,nice app,Indirect,positive,"Purchased, Wishlisted/Saved","Delivery, Product discovery, Reviews/ratings"
edbb5ff8-404c-4d0b-b5e1-9c37e8eff3a5,very bad experience... they don't exchange a hrx product,Indirect,negative,Compared products,"Delivery, Availability, Price, Quality uncertainty, Reviews/ratings, Return/Exchange, Product appearance"
0a88227b-4cef-4931-9a39-8d777c6d5222,nice,Indirect,positive,"Purchased, Considered but didn't buy, Wishlisted/Saved, Compared products","Product appearance, Reviews/ratings"
b39c643d-0338-412a-b42c-fcc647b6e1f5,Best shopping platform 👍.I love it.,Direct,positive,"Purchased, Wishlisted/Saved, Compared products","Product discovery, Delivery, Price, Product comparison, Size/Fit, Product appearance, Choice overload, Recommendations, Reviews/ratings, Availability, Return/Exchange, Discount waiting"
be6ce6b1-1f2d-4186-a573-60bccc6e74f8,Best,Direct,positive,"Purchased, Compared products, Wishlisted/Saved","Availability, Reviews/ratings, Recommendations, Product appearance, Product comparison, Price"
320e4337-6211-4a7b-aeb7-c07b93089038,♥️,Indirect,positive,"Purchased, Considered but didn't buy, Wishlisted/Saved",
6f135c27-adf6-47a4-b15e-73c107ab8117,shoping was extremely good and smooth and easy also 🙌,Direct,positive,"Purchased, Compared products, Wishlisted/Saved","Product appearance, Price, Delivery, Size/Fit, Product comparison, Reviews/ratings, Product discovery, Return/Exchange, Availability, Recommendations"
6c108163-3458-40e6-a6af-e09d1773e750,"i have been using Myntra for last 5 years, I am so happy and completely satisfied with the services",Indirect,positive,"Purchased, Compared products, Wishlisted/Saved","Price, Reviews/ratings, Product appearance, Product discovery, Size/Fit, Recommendations, Availability, Return/Exchange"
71c930ec-37b5-4a86-ad94-b7ccdb886102,best shopping apps for clothes,Indirect,neutral,"Purchased, Compared products, Wishlisted/Saved, Considered but didn't buy","Recommendations, Size/Fit, Price"
5b29805f-f3b5-47b1-8cb5-31dd3a914f0a,not deliver to my item for the date,Indirect,negative,"Purchased, Waiting, Compared products, Considered but didn't buy, Wishlisted/Saved","Product appearance, Size/Fit, Price, Quality uncertainty, Discount waiting, Availability, Product comparison"
e0be94f1-b2dc-4a02-b6dd-6851181c17dc,nice,Indirect,positive,"Purchased, Considered but didn't buy, Wishlisted/Saved, Compared products","Product appearance, Reviews/ratings"
dc6e9bff-6a68-41e0-af7d-9140aac875b7,nice,Indirect,positive,"Purchased, Considered but didn't buy, Wishlisted/Saved, Compared products","Product appearance, Reviews/ratings"
2b614368-6bab-434f-a632-d59cfca56160,"Good App, easy interface.",Direct,positive,"Purchased, Considered but didn't buy, Compared products, Wishlisted/Saved","Size/Fit, Recommendations, Product appearance, Product discovery, Delivery, Product comparison, Reviews/ratings, Price, Return/Exchange, Availability"
4cebb71b-e86d-461a-ac96-b11bcd0c3ed6,good quality stuff,Direct,positive,"Purchased, Compared products, Wishlisted/Saved, Considered but didn't buy","Availability, Product comparison, Reviews/ratings, Product appearance, Delivery, Size/Fit, Price, Trust, Return/Exchange, Recommendations, Product discovery"
7a3d11bf-a960-49e3-8f09-83cf5bba3fc5,shopping choice no1 myntra ❣️,Direct,positive,"Purchased, Compared products, Wishlisted/Saved","Product comparison, Reviews/ratings, Size/Fit, Price, Product appearance, Product discovery"
862bae44-fdf4-4ef7-b305-2fde16efd0a6,good aap for shopping,Direct,positive,"Purchased, Compared products, Wishlisted/Saved","Availability, Delivery, Product appearance, Reviews/ratings, Size/Fit, Product comparison, Price, Discount waiting"
2195bc73-d935-46ba-a8ba-d04b629723f1,good,Indirect,positive,"Purchased, Compared products, Wishlisted/Saved, Considered but didn't buy","Availability, Reviews/ratings, Product appearance, Recommendations, Size/Fit, Quality uncertainty, Trust, Price"
47a759e2-18e8-4f29-96dc-5361eccaa44c,nice,Indirect,positive,"Purchased, Considered but didn't buy, Wishlisted/Saved, Compared products","Product appearance, Reviews/ratings"
8090b791-91b0-4af3-a9ec-02df8ed028e5,very nice app,Indirect,positive,"Purchased, Considered but didn't buy, Wishlisted/Saved","Reviews/ratings, Delivery, Product discovery, Recommendations, Price, Trust, Product appearance"
03acbf60-649b-43ce-a16b-3204507425b9,amazing experience,Direct,positive,"Purchased, Wishlisted/Saved, Compared products","Availability, Reviews/ratings, Choice overload, Delivery, Trust, Price, Recommendations, Return/Exchange"
8651403a-926e-416b-b101-c30007d93a62,good,Indirect,positive,"Purchased, Compared products, Wishlisted/Saved, Considered but didn't buy","Availability, Reviews/ratings, Product appearance, Recommendations, Size/Fit, Quality uncertainty, Trust, Price"
e74345e0-921d-43d0-9ea2-d035fda8ebb9,Good service 👍👍,Direct,positive,"Wishlisted/Saved, Purchased, Compared products, Waiting","Availability, Delivery, Reviews/ratings, Discount waiting, Price, Recommendations, Return/Exchange"
94d098a4-009c-45a8-a93f-6754ae0f215b,best shopping app,Direct,positive,"Purchased, Wishlisted/Saved, Compared products","Product discovery, Delivery, Price, Product comparison, Recommendations"
275ded63-72b9-4a12-8179-2b992a5b1610,very nice,Indirect,positive,"Purchased, Wishlisted/Saved, Compared products, Considered but didn't buy","Product appearance, Reviews/ratings, Price, Availability"
4b846e56-857f-4fc8-9bb1-5f1abe7ef88a,very good app deliver very good products,Direct,positive,"Compared products, Purchased, Wishlisted/Saved, Considered but didn't buy, Waiting","Delivery, Product discovery, Size/Fit, Availability, Recommendations, Price, Product comparison, Reviews/ratings, Trust, Product appearance, Return/Exchange"
3a1e5245-a59d-40c7-a88c-98859171a3ad,I recently ordered one water bottle from myntra bit it didn't show i tried to cancel it. Now it's been a week and I still hasn't received any messages or my money back.,Indirect,negative,"Purchased, Waiting, Compared products","Quality uncertainty, Product appearance, Discount waiting, Return/Exchange, Availability, Product discovery"
7c73817c-4277-4509-aa9b-23a585184ef1,thus platform is very much better than other ones I have oder many times from myntra and I geinuely love with this love u soo much myntra ♥️🌷,Direct,positive,"Purchased, Compared products, Wishlisted/Saved","Product comparison, Reviews/ratings, Product appearance, Availability, Trust, Recommendations, Price"
d733e74f-3330-43c9-975d-a8521d4c81eb,it's preety good,Direct,positive,"Purchased, Compared products, Wishlisted/Saved, Considered but didn't buy, Waiting","Price, Reviews/ratings, Product appearance, Availability, Size/Fit, Recommendations, Trust, Return/Exchange, Delivery, Product comparison, Product discovery"
cfc3672a-dc27-4d76-a853-e3643193fd6f,very nice products and services,Indirect,positive,"Compared products, Purchased, Wishlisted/Saved, Considered but didn't buy","Product appearance, Reviews/ratings, Product comparison, Choice overload, Delivery, Recommendations, Price, Availability"
8f2ed57f-3e8a-4534-9f12-93cf48c12413,nice,Indirect,positive,"Purchased, Considered but didn't buy, Wishlisted/Saved, Compared products","Product appearance, Reviews/ratings"
0b876697-3c65-4387-bd54-f35c525dd71b,all product best rahta hai,Direct,positive,"Purchased, Compared products, Wishlisted/Saved","Availability, Product comparison, Choice overload, Reviews/ratings, Price, Recommendations, Delivery, Product appearance"
91dfa9f8-a4e1-4f20-8cac-d4f77745fdef,good app,Indirect,positive,"Purchased, Wishlisted/Saved","Delivery, Product discovery, Reviews/ratings, Recommendations"
ad8c94d6-6e53-4b86-bde3-e369f0adbae4,always trusted platform,Direct,positive,"Purchased, Compared products","Availability, Trust, Delivery, Price, Recommendations, Reviews/ratings"
bb67f3fd-34ef-426d-ae91-328cc9a71029,best app,Indirect,positive,"Purchased, Wishlisted/Saved, Compared products","Product comparison, Recommendations, Delivery, Product discovery, Reviews/ratings, Price, Availability"
9d8954f8-b201-475e-a26d-eb4d9d51f22b,best service 😃 And product is as same as shown in image 😃,Direct,positive,Purchased,"Product appearance, Delivery"
76b71486-3009-4075-ab72-c9ca995e4770,good,Indirect,positive,"Purchased, Compared products, Wishlisted/Saved, Considered but didn't buy","Availability, Reviews/ratings, Product appearance, Recommendations, Size/Fit, Quality uncertainty, Trust, Price"
432fad2c-d285-4980-a722-d5d72fa0815a,The best app ever 🫶🏻❤️‍🩹,Indirect,positive,"Purchased, Wishlisted/Saved","Recommendations, Product discovery, Size/Fit, Trust, Product comparison, Price, Delivery, Reviews/ratings"
71245c78-2dd2-4b94-a38d-c36a59eadcb6,Mind blowing ❤️,Indirect,positive,Compared products,"Choice overload, Trust, Quality uncertainty"
83b76a08-9962-453a-9eb9-1cc01bacde48,nice,Indirect,positive,"Purchased, Considered but didn't buy, Wishlisted/Saved, Compared products","Product appearance, Reviews/ratings"
8318b74d-6e33-4ade-b28d-1d3a6222a27c,wonderful,Indirect,positive,"Purchased, Compared products, Wishlisted/Saved","Reviews/ratings, Product appearance, Availability, Price, Trust, Recommendations, Size/Fit, Delivery"
137476c2-66c3-4c5e-9a20-5984f57c1504,good product I love it,Indirect,positive,"Purchased, Wishlisted/Saved, Compared products","Reviews/ratings, Size/Fit, Delivery, Product appearance, Product discovery, Price, Availability, Recommendations, Trust, Return/Exchange, Product comparison"
dd2a47b0-5e4c-4568-8990-081987a09737,nice,Indirect,positive,"Purchased, Considered but didn't buy, Wishlisted/Saved, Compared products","Product appearance, Reviews/ratings"
542e0ef1-c8dd-4f81-b90b-9575922d7e89,good,Indirect,positive,"Purchased, Compared products, Wishlisted/Saved, Considered but didn't buy","Availability, Reviews/ratings, Product appearance, Recommendations, Size/Fit, Quality uncertainty, Trust, Price"
8f8252d4-b24f-42d3-8fc9-433fd3da64e6,good,Indirect,positive,"Purchased, Compared products, Wishlisted/Saved, Considered but didn't buy","Availability, Reviews/ratings, Product appearance, Recommendations, Size/Fit, Quality uncertainty, Trust, Price"
3408bcf4-541b-4889-8620-a7199cd7c9a3,awesome,Indirect,positive,"Purchased, Wishlisted/Saved, Compared products, Considered but didn't buy","Availability, Product appearance, Reviews/ratings, Price, Product discovery, Trust, Delivery, Recommendations"
f8cfce93-ec93-4ce9-8ae5-fe50f763f202,Myntra is Tag good quality Cloth we ordered 90% good quality Cloth.,Direct,positive,"Purchased, Compared products, Wishlisted/Saved","Product discovery, Product comparison, Availability, Delivery, Product appearance, Price, Size/Fit, Reviews/ratings, Recommendations, Return/Exchange"
bbc11540-efa5-4f27-a886-75ba3fdb0666,good,Indirect,positive,"Purchased, Compared products, Wishlisted/Saved, Considered but didn't buy","Availability, Reviews/ratings, Product appearance, Recommendations, Size/Fit, Quality uncertainty, Trust, Price"
a0cd14ef-793c-4948-a7d7-63cb49980e34,Awesome👍🏻,Indirect,positive,"Purchased, Compared products, Wishlisted/Saved","Product appearance, Reviews/ratings, Availability, Product comparison, Recommendations, Return/Exchange, Product discovery, Price"
0542528a-bb85-4391-8a65-3bbdd186e4d9,very good service,Direct,positive,"Purchased, Wishlisted/Saved, Waiting, Compared products","Availability, Delivery, Reviews/ratings, Price, Discount waiting, Size/Fit, Return/Exchange"
8c5d2d2e-3e6d-4251-a4d8-cc54759a04ae,best service,Direct,positive,"Purchased, Wishlisted/Saved, Compared products","Availability, Delivery, Recommendations, Reviews/ratings, Price"
bb618929-6c63-4574-b794-c67041170983,best,Indirect,positive,"Purchased, Wishlisted/Saved, Compared products, Considered but didn't buy","Availability, Recommendations, Reviews/ratings, Price, Product appearance"
39025bcb-b253-46ec-b8ba-bbb2135fb34f,super,Direct,positive,"Purchased, Compared products, Wishlisted/Saved","Availability, Product appearance, Size/Fit"
553bddf9-2faf-468f-a693-0ef084cee8af,very good,Indirect,positive,"Purchased, Compared products, Wishlisted/Saved","Reviews/ratings, Price, Product appearance, Availability, Delivery, Size/Fit, Recommendations"
67b4f1fa-abc0-44ab-9b46-3eeb7c7830be,very good 💯,Indirect,positive,"Purchased, Wishlisted/Saved, Compared products, Considered but didn't buy","Reviews/ratings, Price, Product appearance, Availability"
9d28736a-26b7-4bcb-853e-a5140522b523,nice,Indirect,positive,"Purchased, Considered but didn't buy, Wishlisted/Saved, Compared products","Product appearance, Reviews/ratings"
79b77eff-7e13-4b04-9c35-d33731ac8196,every product have excellent.. superb quality...thanks myntra,Direct,positive,"Purchased, Compared products, Wishlisted/Saved","Reviews/ratings, Product comparison, Availability, Product discovery, Price, Delivery"
b2a47c0c-33c7-41f9-a061-ba3c06aa2c77,awesome Product Awesome Service,Direct,positive,"Compared products, Purchased, Wishlisted/Saved, Considered but didn't buy","Delivery, Reviews/ratings, Availability, Product comparison, Discount waiting, Product discovery, Product appearance, Recommendations"
9830e136-b2e6-4df2-8f1f-a72d0a05d1fc,very good is my experience with this app nice 👍so good shopping app,Direct,positive,"Purchased, Compared products, Wishlisted/Saved","Reviews/ratings, Product comparison, Size/Fit, Product discovery, Delivery, Recommendations, Price, Discount waiting, Availability, Product appearance, Return/Exchange"
c50c4846-6425-48a5-8730-a47825c93da9,"The best thing I felt so far is the delivery service is smooth. altho a certain feature feels annoying cuz I am office working guy, I can't be available at my home in case of COD. maybe if we get a feature in future",Indirect,positive,Purchased,"Delivery, Availability, Recommendations, Return/Exchange, Size/Fit"
b1eb1621-8f74-4685-b792-da1ed11351f3,Nice experience,Indirect,positive,"Purchased, Wishlisted/Saved, Compared products","Availability, Reviews/ratings, Product appearance, Delivery, Size/Fit, Price"
096c42eb-6bff-4b68-923f-7ca5fef62080,nice experience with myntra platform,Direct,positive,"Purchased, Wishlisted/Saved, Compared products","Reviews/ratings, Product discovery, Recommendations, Product appearance, Price, Product comparison"
adb50c52-beb4-477b-85f0-9ff5801dfde5,this app is very good for original product quality of product is genuine,Direct,positive,"Purchased, Compared products, Considered but didn't buy","Product comparison, Product appearance, Product discovery, Delivery, Size/Fit, Price, Reviews/ratings, Availability, Trust, Recommendations"
4e3f4543-a398-4ee4-bfca-b3c2c34a96c2,nice,Indirect,positive,"Purchased, Considered but didn't buy, Wishlisted/Saved, Compared products","Product appearance, Reviews/ratings"
c10edfbf-a699-485d-82f5-dddd5d46af23,👍🏻👍🏻,Indirect,positive,"Purchased, Compared products, Wishlisted/Saved","Reviews/ratings, Product appearance, Availability, Return/Exchange, Product comparison, Recommendations"
097e3927-b1b7-4c4a-a6e8-ad048b3f0719,nice,Indirect,positive,"Purchased, Considered but didn't buy, Wishlisted/Saved, Compared products","Product appearance, Reviews/ratings"
ddb218fa-cc0c-4c81-83eb-6e1a43c8d6e0,"Myntra is one of my favorite shopping apps because it offers a fantastic combination of variety, quality, convenience, and a smooth shopping experience. The app has a huge collection of clothing, footwear, accessories, beauty products, and many other lifestyle items, making it easy to find something for every style and occasion. I especially love how simple and user-friendly the app is, with clear product pictures, detailed descriptions, size options, customer reviews.",Indirect,positive,"Compared products, Purchased, Considered but didn't buy, Wishlisted/Saved, Waiting","Reviews/ratings, Product discovery, Product appearance, Availability, Product comparison, Recommendations, Size/Fit, Return/Exchange, Quality uncertainty, Discount waiting, Choice overload, Price, Delivery, Trust"
e5f5139d-69ba-47b6-a4e2-b975df5f06e7,great,Indirect,positive,"Purchased, Compared products, Wishlisted/Saved","Availability, Reviews/ratings, Product appearance"
7ad03074-56fa-408b-95cb-bc74c460a9f9,worst experience ever the delivery person delayed my order 2 times and no response from delivery person,Indirect,negative,Waiting,"Delivery, Quality uncertainty"
b5d1fd07-be00-414a-8f1a-575f373d78ba,No MORE PREMIUM APP.,Direct,neutral,"Purchased, Considered but didn't buy, Compared products","Availability, Price"
5ccc6fb6-3a1b-4c07-91b8-4bea245d6bf0,pathetic app Myntra credit itself taking 72 hours ... they stuck customer money like cheap apps. cancel order themselves even after receiving payment,Indirect,negative,,
2ff86abc-03ae-42d9-9d66-bdf1219963c9,nice 👍,Indirect,positive,"Purchased, Wishlisted/Saved","Product appearance, Reviews/ratings, Trust"
4f1cab66-0070-4833-9b7f-5b7707bfba95,good app but they unfortunately stopped giving myncash after every purchase which was a good deal for me as a customer,Indirect,positive,Purchased,
56bd2210-37b0-47a8-96cd-8ca57f5d19bb,best app,Indirect,positive,"Purchased, Wishlisted/Saved, Compared products","Product comparison, Recommendations, Delivery, Product discovery, Reviews/ratings, Price, Availability"
226ecc80-1e18-498b-af4d-df4c58c3b520,best,Indirect,positive,"Purchased, Wishlisted/Saved, Compared products, Considered but didn't buy","Availability, Recommendations, Reviews/ratings, Price, Product appearance"
c21485ac-7e88-4926-9e45-12a32b2797d2,good experience,Indirect,positive,"Purchased, Wishlisted/Saved, Compared products","Availability, Reviews/ratings, Delivery, Trust, Return/Exchange, Price"
23489c49-0f7a-4141-abb9-fdc79ea4aaf9,good,Indirect,positive,"Purchased, Compared products, Wishlisted/Saved, Considered but didn't buy","Availability, Reviews/ratings, Product appearance, Recommendations, Size/Fit, Quality uncertainty, Trust, Price"
50759ba0-d10b-4c75-bcbd-6bbb1547bf7b,I am using mantra last 10 years .all products are very good and experience is excellent,Direct,positive,"Purchased, Compared products","Product comparison, Delivery, Reviews/ratings, Size/Fit, Price, Product discovery, Product appearance, Availability, Return/Exchange"
f7ea41ab-3a3a-461d-9a43-37f9bca56061,good product overall and nice app,Direct,positive,"Compared products, Purchased, Wishlisted/Saved, Considered but didn't buy, Waiting","Reviews/ratings, Delivery, Product discovery, Product comparison, Product appearance, Recommendations, Size/Fit, Availability, Price, Trust"
912efcf3-2fc9-453e-a711-f8e24ae5f7aa,very nice,Indirect,positive,"Purchased, Wishlisted/Saved, Compared products, Considered but didn't buy","Product appearance, Reviews/ratings, Price, Availability"
ff953b12-64c8-45fa-acd5-a6dba8c56b2b,all product is good quality nd myntra is trusted side,Direct,positive,"Purchased, Compared products","Trust, Product comparison, Reviews/ratings, Availability, Delivery, Price, Product appearance"
5128e098-f01d-411d-9246-86aa241988d7,nice shopping app,Indirect,positive,"Purchased, Wishlisted/Saved, Considered but didn't buy, Compared products","Product discovery, Product comparison, Delivery, Price"
b14c865b-338a-452e-a8e2-0e9c6b6385c3,very bad experience sem kapde ki quality ek bar acchi aati hai aur dusra mangaane per bahut hi bekar quality mein aata Hai return karne per rs 10 kat ke aate Hain,Indirect,negative,"Compared products, Considered but didn't buy","Quality uncertainty, Reviews/ratings, Delivery, Return/Exchange"
2a1e7698-f276-42cb-b3c1-718c25a8270f,Exellent. High premium quality of products deliver every time at very reasonable price. Packing and delivery good. Thanks Myntra Team.,Direct,positive,"Purchased, Compared products, Wishlisted/Saved, Waiting","Delivery, Availability, Reviews/ratings, Price, Product comparison, Trust, Size/Fit, Product appearance, Return/Exchange, Recommendations, Product discovery, Discount waiting"
d62086a6-ef32-4c4a-a789-37856ff153c0,good experience,Indirect,positive,"Purchased, Wishlisted/Saved, Compared products","Availability, Reviews/ratings, Delivery, Trust, Return/Exchange, Price"
9594febb-4db0-45e8-8874-4671713c7346,nice app,Indirect,positive,"Purchased, Wishlisted/Saved","Delivery, Product discovery, Reviews/ratings"
2b5e7321-fd09-4aae-a447-e1aba4c431bd,nice product,Indirect,positive,"Purchased, Compared products, Considered but didn't buy, Wishlisted/Saved","Product appearance, Reviews/ratings, Delivery, Price, Availability, Size/Fit, Product comparison, Product discovery"
97474308-60a4-44ef-9121-605331e402d0,wow,Indirect,positive,"Purchased, Compared products","Availability, Product appearance, Quality uncertainty, Choice overload"
a6e37a4f-89cc-4596-ba9a-037948acf91d,"product quality is very good , and customer care also good",Direct,positive,"Purchased, Compared products, Wishlisted/Saved","Delivery, Size/Fit, Product comparison, Availability, Return/Exchange, Recommendations, Reviews/ratings, Product appearance"
91bc826e-3e7b-4e8a-a43d-63bc01ea5e6b,i love it,Indirect,positive,"Purchased, Wishlisted/Saved, Compared products, Waiting","Product appearance, Reviews/ratings, Availability, Trust, Price, Return/Exchange, Size/Fit, Product discovery, Quality uncertainty, Recommendations, Delivery"
269b01b9-e662-4c4a-8c58-c268d3c2c60d,Received best product everytime,Direct,positive,"Purchased, Wishlisted/Saved, Compared products","Availability, Delivery, Reviews/ratings, Product comparison, Price, Size/Fit, Trust, Product discovery, Product appearance, Recommendations, Return/Exchange"
015a55d6-5515-4be8-b8fe-06cb5970cbd5,Good Quality Good service thank you Myntra,Direct,positive,"Purchased, Compared products, Wishlisted/Saved, Waiting","Reviews/ratings, Availability, Product appearance, Delivery, Price, Size/Fit, Recommendations, Trust, Product discovery, Product comparison"
0194397e-3173-4244-a0c9-03ddcceff0c1,best myntra,Indirect,positive,"Purchased, Compared products, Wishlisted/Saved","Reviews/ratings, Price, Product comparison, Product appearance"
83a37efe-b672-465b-b8f7-d6b2ef549f80,super 😊,Indirect,positive,"Purchased, Wishlisted/Saved, Compared products","Availability, Product appearance"
93484374-0ba8-4712-b659-1deb5b4dd935,Good product,Indirect,positive,"Purchased, Compared products, Considered but didn't buy, Wishlisted/Saved","Availability, Delivery, Size/Fit, Product appearance, Reviews/ratings, Product comparison, Product discovery, Price"
0a237339-cb35-4984-9261-92583d6b8593,nice,Indirect,positive,"Purchased, Considered but didn't buy, Wishlisted/Saved, Compared products","Product appearance, Reviews/ratings"
c70cac8f-ac76-4bd4-baa3-99ebde02fb99,nice Saree,Indirect,positive,"Purchased, Compared products, Wishlisted/Saved, Considered but didn't buy","Product appearance, Size/Fit, Reviews/ratings"
16a57be9-7004-4a13-b4d2-32d9da835eec,it has very affordable prices and great quality and product and no problem while ordering any product i will recommend everyone to download and use this app it's very convenient and affordable thank you myntra,Direct,positive,"Purchased, Compared products, Wishlisted/Saved","Price, Recommendations, Product appearance, Availability, Delivery, Product comparison, Product discovery, Size/Fit, Reviews/ratings, Discount waiting"
194fc0d4-afd5-4c6a-9a7c-9c8fdb24e0c3,good product 👍,Indirect,positive,"Purchased, Compared products, Wishlisted/Saved, Considered but didn't buy","Reviews/ratings, Delivery, Availability, Product appearance, Product comparison, Size/Fit, Product discovery, Trust, Recommendations"
3f545bde-5c48-43c1-a4c3-423e74a8ae77,good,Indirect,positive,"Purchased, Compared products, Wishlisted/Saved, Considered but didn't buy","Availability, Reviews/ratings, Product appearance, Recommendations, Size/Fit, Quality uncertainty, Trust, Price"
a5cda2ce-0dc6-42f6-9d75-f941a65869a9,Great experience shoping here,Direct,positive,"Compared products, Purchased, Wishlisted/Saved","Product discovery, Reviews/ratings, Price, Size/Fit, Product appearance, Availability, Product comparison, Discount waiting, Recommendations"
68b9d1da-03cc-4402-b11d-fc7b4c9f8cf3,good app and product,Indirect,positive,"Compared products, Purchased, Considered but didn't buy, Wishlisted/Saved","Product comparison, Delivery, Reviews/ratings, Product discovery, Recommendations, Product appearance, Trust"
e6142a09-08d4-41d3-808d-e9bd2b36cd66,earlier ordered a salwar kurta from myntra from another Id which was of much high price. But received product was with worst quality. same product was available at flipkart for just Rs. 250. It was seen as if flipkart product was delivered not myntras product. The received product was of very cheap quality,Indirect,negative,Purchased,"Product appearance, Price, Return/Exchange, Product comparison"
5976e91e-f9e5-426c-a7ee-5fb7fb0209c6,my order is being delayed from 14 days because price got increased after i ordered. and their customer support repeatedly requests to wait 48 hour😆,Indirect,negative,"Waiting, Purchased, Compared products","Price, Quality uncertainty"
4c4fecdb-06b9-46f8-87cc-80b33e258956,very nice,Indirect,positive,"Purchased, Wishlisted/Saved, Compared products, Considered but didn't buy","Product appearance, Reviews/ratings, Price, Availability"
8810b62d-5330-4ad8-b83c-b15137b5a19e,one of the best shopping app,Direct,positive,"Purchased, Wishlisted/Saved, Compared products","Product discovery, Product comparison, Delivery, Price, Size/Fit, Recommendations, Product appearance"
a7c0b806-d788-4e2a-88eb-deb7b7142e73,"my best experience over myntra is bcz you have great return and refund policy, if i find any brand over there website even with little extra discount but still i choose to order it from myntra i feel safe , secure and not to be cheated. 🫠🫠",Indirect,positive,"Purchased, Compared products, Wishlisted/Saved","Trust, Return/Exchange, Price, Product discovery, Availability, Recommendations, Product comparison"
21882e00-162a-41da-a49d-af5d753a7ad8,best,Indirect,positive,"Purchased, Wishlisted/Saved, Compared products, Considered but didn't buy","Availability, Recommendations, Reviews/ratings, Price, Product appearance"
656561c8-02c1-4552-9750-a8e218a54ecd,"very bad service centre and help center they are keep waiting you for 6 day and after that they say we have no reason to tell you why your order is let they make us full so do not order anythingWorst shopping app. They have no value for their customers. My order was delayed several times without any proper update, and then it was cancelled without my permission or even informing me beforehand. This is completely unacceptable. Customer service failed to resolve the issue and kept extending",Indirect,negative,"Waiting, Considered but didn't buy, Purchased, Compared products, Wishlisted/Saved","Reviews/ratings, Delivery, Availability, Quality uncertainty, Price, Choice overload, Discount waiting, Size/Fit, Recommendations, Return/Exchange, Product appearance, Trust, Product discovery, Product comparison"
7391486d-975a-415a-b6a3-8d1fd4793a22,best product,Direct,positive,"Purchased, Compared products, Wishlisted/Saved, Considered but didn't buy","Product comparison, Availability, Reviews/ratings, Delivery, Recommendations, Price, Size/Fit, Product discovery, Trust"
3e57a4d0-b519-4db7-aef7-1b439423476f,very goodddd,Indirect,positive,"Purchased, Compared products, Wishlisted/Saved, Considered but didn't buy","Reviews/ratings, Price, Product appearance, Size/Fit, Availability"
a1fd3ca7-a0f0-4f82-a9b1-cd6af462d5bf,super,Direct,positive,"Purchased, Compared products, Wishlisted/Saved","Availability, Product appearance, Size/Fit"
a84a3d43-17d1-4c65-b596-bfb133ff7a9c,Good one 🤍,Indirect,positive,Purchased,
da89e8ac-c582-46c9-b824-1e8430275ec0,good,Indirect,positive,"Purchased, Compared products, Wishlisted/Saved, Considered but didn't buy","Availability, Reviews/ratings, Product appearance, Recommendations, Size/Fit, Quality uncertainty, Trust, Price"
ad628a49-f604-44a7-9867-a745b6e25d68,perfect app for shopping,Direct,positive,"Purchased, Wishlisted/Saved, Compared products","Delivery, Product discovery, Price, Product comparison, Size/Fit, Product appearance, Recommendations, Discount waiting"
4209dce6-b628-40a6-bd3e-71f59476f02c,good experience🩷,Indirect,positive,Purchased,"Reviews/ratings, Availability"
8de6c9b8-060f-4081-a4d8-9b2ad863c130,good 👍,Indirect,positive,"Purchased, Wishlisted/Saved, Compared products","Reviews/ratings, Availability, Trust, Product appearance"
5f4a3737-2f84-4d59-8384-e15b815f5012,this aap have appealing design,Direct,positive,"Compared products, Purchased","Product appearance, Availability"
bd34189b-46e7-41ea-be5a-64ba064e4d15,Very affordable prices,Direct,positive,"Purchased, Compared products, Wishlisted/Saved","Price, Discount waiting, Availability, Delivery, Product comparison, Product appearance, Recommendations"
f7fb782f-964a-42f4-ba87-b44dd16d6f98,nice Rakhi,Indirect,positive,Purchased,"Reviews/ratings, Product appearance"
0d42aa2f-e74e-4698-88df-71cc64eb405a,I have cancelled my order and it has been 11 days still I haven't received my refund,Indirect,negative,"Waiting, Purchased, Compared products","Discount waiting, Quality uncertainty, Return/Exchange, Availability, Price, Delivery, Size/Fit"
132fff92-9e8d-49c8-b5e3-2415933d8439,disgusting app poor service customer care...,Indirect,negative,"Waiting, Compared products, Considered but didn't buy","Delivery, Reviews/ratings, Price, Recommendations, Discount waiting"
749f2cb1-28ff-41b3-925b-14c5f2c09a11,best app I ever seen,Direct,positive,"Wishlisted/Saved, Purchased, Compared products","Reviews/ratings, Product discovery, Price, Recommendations, Size/Fit, Delivery, Trust, Product comparison, Availability"
250b434a-184b-4957-9f5e-bbce6659576f,good,Indirect,positive,"Purchased, Compared products, Wishlisted/Saved, Considered but didn't buy","Availability, Reviews/ratings, Product appearance, Recommendations, Size/Fit, Quality uncertainty, Trust, Price"
dbb8d57f-44e5-4e9a-9be6-d87e09ff0638,best shopping app,Direct,positive,"Purchased, Wishlisted/Saved, Compared products","Product discovery, Delivery, Price, Product comparison, Recommendations"
22e9883a-3ab3-4d42-a518-e198efd7ae8d,everything are amazing and products quality is awesome👍,Indirect,positive,"Compared products, Purchased, Wishlisted/Saved","Choice overload, Reviews/ratings, Product comparison, Delivery, Recommendations, Availability, Product appearance"
d4a4a1a6-d762-41e2-838f-9f1e7fde74fc,best 👍,Indirect,positive,"Purchased, Wishlisted/Saved, Compared products","Reviews/ratings, Availability, Recommendations, Price"
f981be36-3dc9-4425-a48a-9cd403a6cfc1,"My experience with Myntra has been quite good. The express service, the quality everything is great.",Indirect,positive,"Purchased, Compared products, Wishlisted/Saved, Waiting","Reviews/ratings, Recommendations, Product appearance, Price, Size/Fit, Product comparison, Delivery, Product discovery, Availability, Return/Exchange, Discount waiting, Trust, Quality uncertainty, Choice overload"
f91c9e20-8ddb-49b2-acc6-ba9a54cc0607,nice shoping,Indirect,positive,"Purchased, Considered but didn't buy, Wishlisted/Saved, Compared products","Product appearance, Reviews/ratings, Price"
c0634097-d20e-4ad2-a65b-0cf84a1e8263,mera experience myntra ke sath hmesha se best rha hai ❤️🥰,Direct,positive,"Purchased, Compared products, Wishlisted/Saved","Product comparison, Reviews/ratings, Price"
f9e52359-5291-4e6a-828b-a7c0cd6ad1aa,good,Indirect,positive,"Purchased, Compared products, Wishlisted/Saved, Considered but didn't buy","Availability, Reviews/ratings, Product appearance, Recommendations, Size/Fit, Quality uncertainty, Trust, Price"
4bfdb23f-5b15-4a02-b1ab-739e54193429,excellent,Indirect,positive,"Purchased, Compared products, Wishlisted/Saved","Reviews/ratings, Product appearance, Availability, Price, Size/Fit, Delivery, Recommendations, Trust, Return/Exchange"
9aac5c6f-6bdd-4660-8f52-6b37f0125adc,best app for shopping....having options help me choose my preferences,Indirect,positive,"Purchased, Compared products, Wishlisted/Saved","Product discovery, Product comparison, Price, Delivery, Recommendations, Size/Fit, Product appearance, Reviews/ratings, Availability, Discount waiting, Choice overload"
08c5042b-a8cc-4655-afd9-bb1c926a93f5,good,Indirect,positive,"Purchased, Compared products, Wishlisted/Saved, Considered but didn't buy","Availability, Reviews/ratings, Product appearance, Recommendations, Size/Fit, Quality uncertainty, Trust, Price"
3a1ccae7-5ee0-4331-9520-143d5eed3c1d,"Great quality, fast delivery, and smooth shopping experience. Loved it! 🛍️✨",Direct,positive,"Purchased, Compared products, Wishlisted/Saved, Waiting","Delivery, Reviews/ratings, Recommendations, Size/Fit, Product appearance, Discount waiting, Availability, Price, Product discovery, Product comparison, Return/Exchange, Trust"
24a5bfd5-110a-43ec-80ff-ac47bb84910a,easy and good quality,Direct,positive,"Purchased, Compared products, Wishlisted/Saved","Delivery, Availability, Product appearance, Product comparison, Price, Trust, Reviews/ratings, Size/Fit, Recommendations, Return/Exchange"
1ba9a6d2-ca7f-4e16-add2-3da211c1e915,it's good 😊 i m happy to Shop online,Direct,positive,"Purchased, Wishlisted/Saved, Compared products","Reviews/ratings, Delivery, Product appearance, Product discovery, Price, Availability, Product comparison, Size/Fit, Recommendations, Discount waiting"
19598c43-8875-43ba-a82b-6c9644fa5cd6,excellent,Indirect,positive,"Purchased, Compared products, Wishlisted/Saved","Reviews/ratings, Product appearance, Availability, Price, Size/Fit, Delivery, Recommendations, Trust, Return/Exchange"
82c71e14-1f76-45b3-aae4-b72f0f0e228c,"This app has no safety for customers' orders. I neither received my parcel nor was I contacted by the delivery person. But the status of my parcel shows 'Delivered'. I did not get any OTP and no one called me to get one, so how can this app show that the parcel was delivered? I have raised this query, and now they are going to resolve this issue in 5 days, which means it is going to be super late - after my relative's birthday, for whom this parcel was a gift.",Indirect,negative,"Compared products, Purchased, Wishlisted/Saved, Considered but didn't buy","Quality uncertainty, Delivery, Product appearance, Availability, Choice overload, Size/Fit, Price, Discount waiting, Return/Exchange, Product discovery, Product comparison, Reviews/ratings, Recommendations, Trust"
8493e2f3-b1c0-446e-85f0-26dbb38dfd12,"I have never had such a bad experience buying a product. The product itself is good, but first of all, it was not delivered to my home or anywhere near my house, so I had to travel 4 km to collect it. Also, the T-shirt I received was much larger than a normal L size. I requested an exchange, and when I travelled 4 km again from my home for the exchange, the delivery person told me that the exchange could not be processed because the system was unable to scan the product. Now, I will have to trav",Indirect,negative,"Purchased, Compared products, Wishlisted/Saved, Waiting, Considered but didn't buy","Return/Exchange, Quality uncertainty, Choice overload, Availability, Reviews/ratings, Delivery, Size/Fit, Product appearance, Product discovery, Product comparison, Price, Recommendations, Discount waiting, Trust"
ef4a4f9a-5f49-4d87-a438-beac161fbf26,amazing experience with app hassle free shopping,Direct,positive,"Purchased, Compared products, Wishlisted/Saved","Product discovery, Delivery, Product comparison, Price, Reviews/ratings, Recommendations, Product appearance, Size/Fit, Availability, Discount waiting"
4edb28ff-cd58-4879-b89d-3c2d6d0e0644,"nice aap sb bhi product mgva sakte ho real h , quality h",Direct,positive,"Purchased, Compared products, Considered but didn't buy, Wishlisted/Saved","Product comparison, Reviews/ratings, Product appearance, Delivery, Availability, Product discovery, Price, Recommendations, Trust"
390d116a-b382-4972-9e71-6ba768fc6cbd,hiii it was really surprising for me that I got my order.as it should be delivery on 18 aug 2026 but I deliver it on 21 aug.i was expecting it will not come to me and I was deciding that further I will not order from hére.but you made my day.that you myntra.,Indirect,positive,"Purchased, Compared products, Waiting, Wishlisted/Saved","Delivery, Quality uncertainty, Availability, Size/Fit, Price, Return/Exchange, Product appearance, Reviews/ratings"
8568310a-53be-441a-a0b4-8783c026bff3,"very bad experience did not expect this, I wanted a size exchange the shoe comes to my door step the delivery person approves the item,that no damage has been made but the code on the tag doesn't match.Days have passed no assist from the apps side.Even the exchange day had passed no notice was made whether it will be sent or not.Then suddenly today it is showing cancelled no notifications of that either that the delivery would be done today and now the exchange has been cancelled by employee",Indirect,negative,"Purchased, Compared products, Waiting, Wishlisted/Saved, Considered but didn't buy","Quality uncertainty, Size/Fit, Return/Exchange, Delivery, Availability, Price, Choice overload, Product appearance, Reviews/ratings, Product discovery, Discount waiting, Product comparison, Recommendations, Trust"
28eaa7bd-6946-4401-80d4-7791fdbb4641,very good,Indirect,positive,"Purchased, Compared products, Wishlisted/Saved","Reviews/ratings, Price, Product appearance, Availability, Delivery, Size/Fit, Recommendations"
da0bc241-fcc9-44d6-9f5f-4bd6e44f0809,👍🏻👍🏻,Indirect,positive,"Purchased, Compared products, Wishlisted/Saved","Reviews/ratings, Product appearance, Availability, Return/Exchange, Product comparison, Recommendations"
d10375ac-b86b-4034-bdae-68f0d1b5ae0d,amazing,Indirect,positive,"Purchased, Compared products, Wishlisted/Saved","Availability, Reviews/ratings, Product appearance, Price, Recommendations, Trust, Size/Fit"
aab28228-d291-4fe6-8ea9-f0391a923270,best is myntra,Indirect,positive,"Purchased, Compared products","Product comparison, Reviews/ratings"
7c8f6fe7-b460-4541-b6b5-724fd5c82e0a,excellent,Indirect,positive,"Purchased, Compared products, Wishlisted/Saved","Reviews/ratings, Product appearance, Availability, Price, Size/Fit, Delivery, Recommendations, Trust, Return/Exchange"
e029ebad-3d4a-40e1-95ed-0c3f16235013,"⭐️⭐️⭐️⭐️⭐️ “Overall, Mamaearth Charcoal Black Long Stay Kajal mujhe kaafi achha laga. Iska black colour deep aur beautiful hai, jo eyes ko instantly define karta hai. Application smooth hai aur lagane mein zyada effort nahi lagta. Kajal comfortable feel hota hai aur everyday makeup ke saath-saath party looks ke liye bhi perfect hai. Pack of 2 hona bhi kaafi convenient hai aur value for money feel hota hai. Simple eye look ko enhance karne ke liye definitely a great choice! 🖤✨”amazing app 👍🏻",Direct,positive,"Purchased, Wishlisted/Saved, Compared products, Considered but didn't buy, Waiting","Reviews/ratings, Product appearance, Price, Availability, Recommendations, Discount waiting, Product comparison, Delivery, Trust, Choice overload, Return/Exchange, Size/Fit, Product discovery, Quality uncertainty"
87b14218-c42a-4a8b-a6f7-aa06acc18e8c,the worst app to buy products too much delayed delivery and still didn't got the product even after complaining 4 to 5 times,Indirect,negative,"Waiting, Purchased","Delivery, Availability, Quality uncertainty"
47fd3482-1490-4e90-85ec-6e4ff0cde756,wow,Indirect,positive,"Purchased, Compared products","Availability, Product appearance, Quality uncertainty, Choice overload"
2ef12c3a-aacd-447f-a335-e12f5f414c7b,Very Nice Product.,Direct,positive,"Purchased, Compared products, Wishlisted/Saved, Considered but didn't buy, Waiting","Reviews/ratings, Product appearance, Size/Fit, Delivery, Availability, Product comparison, Price, Product discovery, Trust, Recommendations, Return/Exchange"
08f58a13-92a3-45d9-96ac-c87a9811eba9,very good,Indirect,positive,"Purchased, Compared products, Wishlisted/Saved","Reviews/ratings, Price, Product appearance, Availability, Delivery, Size/Fit, Recommendations"
128e8bf8-f388-4f4d-bad7-17aa19ca43bc,wonderful staff,Indirect,positive,"Purchased, Wishlisted/Saved","Recommendations, Reviews/ratings, Availability"
dd35002b-db6f-4c43-91cf-16a1e318d533,the service of myntra is declining by day do not take prepaid orders as they do not deliver it sometime and mark it as close ticket when the issue is raised. so you will lose money without getting product,Indirect,negative,"Purchased, Considered but didn't buy, Compared products, Waiting","Quality uncertainty, Price, Delivery, Availability, Discount waiting, Recommendations, Product appearance, Product comparison, Size/Fit"
2fc2a8dd-50d2-4fd2-bcff-d7c0622130f3,user friendly app,Indirect,positive,Purchased,"Product appearance, Product discovery, Trust, Recommendations, Delivery"
b3bfb7a0-faf4-4d00-92b2-19e0f52a5e96,"Best Fashion Find Ever—Totally Worth It! ⭐⭐⭐⭐⭐""Myntra never disappoints with its clothing collection! This piece offers incredible value for money. The fabric didn't shrink or lose color after the first wash, which proves its top-notch quality. The entire shopping experience—from browsing to the lightning-fast delivery—was incredibly smooth. Check out my styling video to see how it moves!""",Direct,positive,"Purchased, Compared products, Wishlisted/Saved, Waiting","Reviews/ratings, Product discovery, Price, Availability, Product appearance, Delivery, Recommendations, Product comparison, Size/Fit, Trust, Discount waiting, Choice overload, Return/Exchange, Quality uncertainty"
329b7d60-c253-40b0-8631-c314a590413b,"amazing product, fitting as per the specifications.",Direct,positive,"Purchased, Compared products, Wishlisted/Saved","Size/Fit, Reviews/ratings, Delivery, Availability, Product appearance, Recommendations, Price, Product comparison, Trust, Product discovery, Return/Exchange, Discount waiting"
5c5debc2-af0e-46d9-9588-768b03976af2,myntra is bogus and fraud platform. don't buy from here. if you return product you will not received your refund money even after multiple follow ups. cheater bogus company.,Indirect,negative,"Purchased, Considered but didn't buy, Compared products, Waiting, Wishlisted/Saved","Discount waiting, Recommendations, Reviews/ratings, Quality uncertainty, Size/Fit, Product appearance, Choice overload, Availability, Price, Product comparison, Delivery, Return/Exchange"
4a1ce84a-11e4-42fb-8696-313ad48d83c0,nice,Indirect,positive,"Purchased, Considered but didn't buy, Wishlisted/Saved, Compared products","Product appearance, Reviews/ratings"
bbbba31b-cfd1-4700-a256-f4e5558cf735,better app than any other and unbeatable,Direct,positive,"Purchased, Compared products, Wishlisted/Saved","Product comparison, Product discovery, Delivery, Size/Fit, Trust, Availability, Recommendations, Price, Reviews/ratings"
205d870b-2dca-4825-8a58-7a9a208ff65d,nice,Indirect,positive,"Purchased, Considered but didn't buy, Wishlisted/Saved, Compared products","Product appearance, Reviews/ratings"
3de17c77-614f-49d9-bb7f-6bd8cd588fc6,very poor coustomer service,Indirect,negative,Waiting,"Delivery, Price, Discount waiting"
87f2d98f-09db-4b5b-b89d-b5c7cb73ec69,"superb Application for online shopping, And providing very good quality products. Trustable App",Direct,positive,"Purchased, Compared products, Wishlisted/Saved, Considered but didn't buy","Delivery, Trust, Product discovery, Product comparison, Price, Size/Fit, Availability, Discount waiting, Product appearance, Reviews/ratings, Return/Exchange, Recommendations"
2b370523-3ddf-43c2-8d23-9f20bd9e3f83,good,Indirect,positive,"Purchased, Compared products, Wishlisted/Saved, Considered but didn't buy","Availability, Reviews/ratings, Product appearance, Recommendations, Size/Fit, Quality uncertainty, Trust, Price"
a063bc7e-e7f7-4c9c-9810-ea4a76d7665e,best,Indirect,positive,"Purchased, Wishlisted/Saved, Compared products, Considered but didn't buy","Availability, Recommendations, Reviews/ratings, Price, Product appearance"
f69ccb28-250c-4ec4-b8f0-4e174d2a2442,not delivered customer no almost attend one time also not delivered that product,Indirect,negative,"Purchased, Compared products, Waiting, Considered but didn't buy, Wishlisted/Saved","Delivery, Availability, Quality uncertainty, Product comparison, Price, Product appearance, Size/Fit, Return/Exchange, Product discovery, Reviews/ratings, Recommendations, Discount waiting, Trust"
cec283ba-c5ba-4e90-ad51-484a5da148e1,very good aap,Indirect,positive,"Purchased, Wishlisted/Saved, Compared products, Considered but didn't buy","Availability, Reviews/ratings, Product appearance, Price"
a09ac2c6-f378-4451-b1c0-6c8cbb1c0c85,Nice,Indirect,positive,"Purchased, Wishlisted/Saved, Compared products, Considered but didn't buy","Product appearance, Reviews/ratings, Size/Fit, Availability, Price"
5b14b963-96a0-4759-8c0d-1bdc79b18126,good,Indirect,positive,"Purchased, Compared products, Wishlisted/Saved, Considered but didn't buy","Availability, Reviews/ratings, Product appearance, Recommendations, Size/Fit, Quality uncertainty, Trust, Price"
72178532-9214-4eca-ac6f-ba46039b030b,genuine product,Direct,positive,"Purchased, Compared products","Product appearance, Availability, Trust, Product comparison, Delivery"
eaaf0c01-c2d6-4dc7-9c2d-f0bcf6c528e7,excellent,Indirect,positive,"Purchased, Compared products, Wishlisted/Saved","Reviews/ratings, Product appearance, Availability, Price, Size/Fit, Delivery, Recommendations, Trust, Return/Exchange"
d1f14de6-a7b7-4b64-bea5-d94d6de629d1,good,Indirect,positive,"Purchased, Compared products, Wishlisted/Saved, Considered but didn't buy","Availability, Reviews/ratings, Product appearance, Recommendations, Size/Fit, Quality uncertainty, Trust, Price"
f1c15e4a-6bbd-4850-8c02-5b662cb11362,good,Indirect,positive,"Purchased, Compared products, Wishlisted/Saved, Considered but didn't buy","Availability, Reviews/ratings, Product appearance, Recommendations, Size/Fit, Quality uncertainty, Trust, Price"
b4f4692d-0856-4e1c-ae0b-3a0cb9855e54,all time favourite,Indirect,positive,"Wishlisted/Saved, Purchased","Price, Trust"
3f586488-48b4-47d1-8f39-50b12b653c22,excilent very nice product feeling good i am happy with original product,Direct,positive,"Purchased, Wishlisted/Saved, Compared products","Reviews/ratings, Product appearance, Price, Product comparison, Availability, Product discovery, Size/Fit, Delivery, Recommendations, Trust"
0bc03714-2d2e-4bef-8d8f-9d1177ea68f3,so good,Indirect,positive,"Purchased, Wishlisted/Saved, Compared products","Reviews/ratings, Availability, Product appearance, Size/Fit, Price, Trust, Delivery, Recommendations, Return/Exchange, Product discovery"
89981235-90e2-4953-b0f4-c9bf6a133c14,"My experience with Myntra was overall very good and learning-oriented. The work environment was professional, and I got opportunities to learn new skills and improve my knowledge. The team members were supportive, and working with them helped me develop better communication, teamwork, and problem-solving skills. Although some tasks were challenging and required meeting deadlines, the overall experience was valuable and beneficial for my personal and professional growth.",Indirect,positive,"Purchased, Compared products, Considered but didn't buy, Wishlisted/Saved, Waiting","Product appearance, Availability, Recommendations, Product comparison, Return/Exchange, Size/Fit, Delivery, Price, Reviews/ratings, Product discovery, Quality uncertainty, Trust, Discount waiting, Choice overload"
2ae77beb-3728-4e1e-8afb-47a53315bc03,good 👍🏻😊,Indirect,positive,"Purchased, Wishlisted/Saved, Compared products","Reviews/ratings, Product appearance, Trust, Availability, Price, Recommendations, Return/Exchange, Product comparison"
1d0b4a53-2a0e-464e-ae8d-cf54571eb531,good,Indirect,positive,"Purchased, Compared products, Wishlisted/Saved, Considered but didn't buy","Availability, Reviews/ratings, Product appearance, Recommendations, Size/Fit, Quality uncertainty, Trust, Price"
1dbf243e-4a80-4114-8ad6-ad0fcffe18b8,very good,Indirect,positive,"Purchased, Compared products, Wishlisted/Saved","Reviews/ratings, Price, Product appearance, Availability, Delivery, Size/Fit, Recommendations"
61e0568e-6bcb-4157-ad38-66bf438166cb,great app,Indirect,positive,Purchased,"Product discovery, Delivery, Reviews/ratings"
21f905c4-7518-4321-9c6f-de730198c8da,I have been using myntra app from last 5 years and I loved the clothes collection,Indirect,positive,"Considered but didn't buy, Purchased, Compared products, Wishlisted/Saved",Product appearance
9597215f-014f-4808-8bf1-1544f8c872f5,this app to much good app i love it😍,Indirect,positive,"Purchased, Wishlisted/Saved, Compared products","Choice overload, Product discovery, Recommendations, Reviews/ratings, Product comparison, Delivery, Size/Fit, Trust, Price, Return/Exchange, Availability, Product appearance"
b658b7e9-60ae-4e29-949f-c7a58ab478b7,very good experience,Direct,positive,"Purchased, Wishlisted/Saved, Compared products","Reviews/ratings, Availability, Delivery, Trust, Price, Return/Exchange, Recommendations, Size/Fit"
2be7f27b-0a55-49f1-831e-f102ca9cf365,very nice,Indirect,positive,"Purchased, Wishlisted/Saved, Compared products, Considered but didn't buy","Product appearance, Reviews/ratings, Price, Availability"
9d9df3c1-b50e-41b9-b4c2-681a56b5b1c9,reliable app for your purchase. thank u myntra,Direct,positive,"Purchased, Wishlisted/Saved, Compared products","Availability, Trust, Price, Product discovery, Product comparison, Delivery, Recommendations, Product appearance, Size/Fit, Reviews/ratings"
98f580be-b619-463e-bba4-0bd298138a1a,best app and provide good products,Direct,positive,"Compared products, Purchased, Wishlisted/Saved","Recommendations, Delivery, Product comparison, Product discovery, Reviews/ratings, Availability, Price, Product appearance, Trust"
651ddd5d-b7e0-439c-902c-823d1b128c74,Grt product,Indirect,neutral,"Purchased, Compared products, Considered but didn't buy","Product appearance, Product comparison, Trust, Reviews/ratings, Availability, Delivery, Product discovery, Price"
8d71d7d4-3f6e-43a6-8e92-4a3ae69a9d21,superb product and world class offers 🥰,Direct,positive,"Compared products, Purchased, Considered but didn't buy, Wishlisted/Saved","Price, Choice overload, Availability, Delivery, Product comparison, Size/Fit, Reviews/ratings, Product appearance, Recommendations, Product discovery"
c7e57c1b-6e37-49d7-9e7d-6298d408a8dc,good,Indirect,positive,"Purchased, Compared products, Wishlisted/Saved, Considered but didn't buy","Availability, Reviews/ratings, Product appearance, Recommendations, Size/Fit, Quality uncertainty, Trust, Price"
a684ee8d-bee1-444b-affc-af86ff842ce7,best quality and love all products 💝😍,Indirect,positive,"Wishlisted/Saved, Purchased, Compared products","Reviews/ratings, Recommendations, Choice overload, Product comparison, Product discovery, Availability, Trust, Price, Size/Fit, Delivery"
72f9b110-9743-4c72-beaa-b26a6787a23f,I had a good experience with Myntra.,Indirect,positive,"Purchased, Compared products, Wishlisted/Saved","Product appearance, Reviews/ratings, Product discovery, Product comparison, Size/Fit, Availability"
3269f0b7-3134-477a-be19-1bb7bf9c5893,best app,Indirect,positive,"Purchased, Wishlisted/Saved, Compared products","Product comparison, Recommendations, Delivery, Product discovery, Reviews/ratings, Price, Availability"
c56b9e2a-4261-4b48-bf3c-df68ea28fc4d,i love to shop From. every time new style with good quality,Direct,positive,"Purchased, Wishlisted/Saved, Compared products","Product discovery, Product appearance, Availability, Product comparison, Size/Fit, Price, Reviews/ratings, Recommendations, Quality uncertainty"
877085d8-6cf5-4052-91d4-2258c1d78842,good and best,Direct,positive,"Purchased, Compared products, Wishlisted/Saved, Considered but didn't buy","Reviews/ratings, Availability, Recommendations, Delivery, Product appearance, Size/Fit, Price, Trust, Product comparison, Return/Exchange"
dbb82518-837a-4ac6-8da0-9ee641476c00,wonderful app for korean beauty products with fastest delivery,Direct,positive,"Purchased, Compared products","Product discovery, Delivery, Availability"
3b6fe325-ac11-4541-af36-9d30d2d0c92b,"the service is very poor, the order was placed on 6th of August and till 21st of August they were keep saying, give us 48 hours and now they just cancelled that order and even can not communicate on call properly, no proper answers.",Indirect,negative,"Purchased, Compared products, Waiting","Quality uncertainty, Availability, Delivery, Size/Fit, Price, Choice overload, Return/Exchange, Product appearance, Reviews/ratings, Recommendations, Trust"
512eef9c-ba49-4547-b897-5b4c5d124d0e,"easy to place order, return and exchange sizes or any other item on behalf of it.... 😍👍",Direct,positive,"Purchased, Compared products, Wishlisted/Saved","Availability, Delivery, Return/Exchange, Product appearance, Size/Fit"
edebfeda-25a5-4a50-a52d-d4928c385e3b,the quality of products ordered from myntra is really good,Direct,positive,"Purchased, Compared products","Delivery, Price, Product comparison, Reviews/ratings, Size/Fit, Availability, Product discovery"
10884c85-2749-485d-84b7-a60e7f7c9c54,Nice shirt everyone check it,Direct,positive,"Purchased, Compared products, Wishlisted/Saved","Product appearance, Size/Fit, Reviews/ratings, Product comparison"
6facddec-9ff7-4183-9e7f-52bfff70dcd1,nice,Indirect,positive,"Purchased, Considered but didn't buy, Wishlisted/Saved, Compared products","Product appearance, Reviews/ratings"
4b0dad9f-63da-48a9-871a-4c7ecbedb7c1,best expereience,Indirect,positive,"Purchased, Compared products",Availability
965b2508-03ef-4dfe-9f37-51844bb04ea9,nice portfolio of quality product,Direct,positive,"Compared products, Purchased, Wishlisted/Saved, Considered but didn't buy","Product appearance, Product comparison, Reviews/ratings, Delivery, Price, Availability, Size/Fit, Trust, Recommendations"
07428594-463b-49a9-944b-6f8a6d2d8954,nice,Indirect,positive,"Purchased, Considered but didn't buy, Wishlisted/Saved, Compared products","Product appearance, Reviews/ratings"
39aad2bb-247f-41f9-8921-081bbe4b50da,love the app because it's so easy to navigate and shop on. love the product collection as well.,Direct,positive,"Purchased, Compared products, Wishlisted/Saved, Considered but didn't buy, Waiting","Product discovery, Product comparison, Size/Fit, Trust, Product appearance, Price, Recommendations, Delivery, Availability, Discount waiting, Reviews/ratings, Return/Exchange"
aeaa5815-c4be-47b9-a256-b5e428eda6a5,trusted app for style and fashion.,Direct,positive,"Purchased, Wishlisted/Saved, Considered but didn't buy, Compared products","Trust, Price, Size/Fit, Recommendations, Reviews/ratings, Product comparison"
105520c4-a6cf-450d-a217-8c141dd88ef7,good app and experience❤️,Indirect,positive,"Wishlisted/Saved, Purchased, Compared products","Reviews/ratings, Recommendations, Delivery, Product discovery, Trust"
4c572068-585a-420c-b878-675c1d82c001,it's more affordable app,Indirect,positive,"Purchased, Compared products","Price, Product comparison, Availability, Product discovery"
9f3fe3fa-dde9-433c-97b1-10f2d9b545f9,beautiful app 👌👌,Indirect,positive,"Purchased, Wishlisted/Saved","Recommendations, Product discovery, Price, Trust, Reviews/ratings, Availability, Product appearance, Product comparison, Size/Fit, Delivery"
e864f574-b08a-4a21-a0ad-b118368e779a,good experience,Indirect,positive,"Purchased, Wishlisted/Saved, Compared products","Availability, Reviews/ratings, Delivery, Trust, Return/Exchange, Price"
2319f289-e7bf-4204-b35f-a506e62df732,good,Indirect,positive,"Purchased, Compared products, Wishlisted/Saved, Considered but didn't buy","Availability, Reviews/ratings, Product appearance, Recommendations, Size/Fit, Quality uncertainty, Trust, Price"
47d630e1-c9fe-4f66-a6c5-f368ccd9cbf2,Very nice product and timely delivery,Direct,positive,"Purchased, Compared products, Wishlisted/Saved, Waiting","Availability, Product appearance, Delivery, Reviews/ratings, Price, Size/Fit, Discount waiting, Trust, Product comparison, Recommendations, Product discovery"
0d1b0f30-c1f6-4fff-8e97-6228f6e3968b,good 👍,Indirect,positive,"Purchased, Wishlisted/Saved, Compared products","Reviews/ratings, Availability, Trust, Product appearance"
851a32b6-083d-49ea-bf4d-e2bdaad1f253,very nice app,Indirect,positive,"Purchased, Considered but didn't buy, Wishlisted/Saved","Reviews/ratings, Delivery, Product discovery, Recommendations, Price, Trust, Product appearance"
c3eae885-67f5-4820-924e-9c4e2e1daac4,superb quality products,Direct,positive,"Compared products, Purchased, Wishlisted/Saved, Considered but didn't buy","Product comparison, Size/Fit, Availability, Reviews/ratings, Delivery, Trust, Recommendations"
a05621a2-790a-41af-a116-ab30dffd74c7,godddddd levell,Indirect,neutral,"Purchased, Considered but didn't buy","Product appearance, Reviews/ratings"
a05b0f59-d4ef-4d20-9213-566fb5026f54,good 😊,Indirect,positive,"Purchased, Wishlisted/Saved","Reviews/ratings, Availability"
3fb97055-bf8d-4bf2-a206-80a12953a879,i love myntra,Indirect,positive,"Purchased, Compared products, Wishlisted/Saved","Product appearance, Product discovery, Reviews/ratings, Product comparison"
bda47870-bcb0-44d0-8f22-d0d63df32df9,Best for branded item purchase,Direct,positive,"Compared products, Purchased, Wishlisted/Saved","Recommendations, Product comparison, Product appearance, Price, Size/Fit, Availability, Reviews/ratings, Delivery, Product discovery"
2d8e9f30-31e6-4dbb-a63c-c09f3f0a5e93,very good app,Indirect,positive,"Purchased, Wishlisted/Saved, Considered but didn't buy","Reviews/ratings, Delivery, Product discovery, Recommendations, Price, Availability"
8ef5095a-050c-465c-8223-ccb022fa8ffe,very useful app.,Indirect,positive,"Purchased, Wishlisted/Saved","Delivery, Product discovery, Recommendations, Trust, Availability"
0cae188d-711e-492b-b772-4c06f7c7e4c9,nice product app online service best cosmetic thank you...,Direct,positive,"Purchased, Wishlisted/Saved, Compared products","Reviews/ratings, Product appearance, Product discovery, Product comparison, Recommendations, Delivery, Price, Availability"
d1128843-dbc4-46b5-872a-a6bea3ad92d7,Excellent quality,Direct,positive,"Purchased, Compared products, Wishlisted/Saved, Considered but didn't buy","Availability, Size/Fit, Reviews/ratings, Product appearance, Price, Delivery, Product comparison, Trust, Recommendations"
76c4c34b-e1ad-4b86-9a0c-d6694497f111,one of the worst delivery apps i have every user,Indirect,negative,,Delivery
437b4028-e897-4651-b698-4d22937b2a71,👍🏻 nice,Indirect,positive,"Purchased, Wishlisted/Saved, Compared products, Considered but didn't buy","Reviews/ratings, Product appearance"
f555478b-bebb-4ff5-a0f8-7218a1521613,very good aap 😊 trusted you,Indirect,positive,"Purchased, Wishlisted/Saved, Compared products, Waiting","Trust, Reviews/ratings, Availability, Price"
4f4d663b-dedd-422d-bfe4-1b214acbac61,very helpful app Tqq myntra ❤️,Direct,positive,"Purchased, Wishlisted/Saved, Compared products","Product comparison, Product discovery"
9fcafec0-6024-49ce-bcee-f583e526154e,good,Indirect,positive,"Purchased, Compared products, Wishlisted/Saved, Considered but didn't buy","Availability, Reviews/ratings, Product appearance, Recommendations, Size/Fit, Quality uncertainty, Trust, Price"
72905a54-85da-45ef-b479-1e9f9dd4d6bc,experience of shop from myntra is very good,Direct,positive,"Purchased, Compared products, Wishlisted/Saved","Reviews/ratings, Product appearance, Price, Availability, Recommendations, Product comparison"
6042e7ec-5322-4f51-9b4f-3a0c4d593caf,very useful app,Indirect,positive,"Purchased, Wishlisted/Saved","Delivery, Product discovery, Recommendations"
66cbded7-a271-4927-a821-deb10d3c0f45,good experience 😃 myntra is good quality provided i am very happy myntra app but sometime delivery delayed sometime and easily exchange and return and refund so esliye no problem quality is good all products 👍my experience saying myntra is best app so i am telling anyone use myntra 🙏,Indirect,positive,"Purchased, Compared products, Waiting, Wishlisted/Saved","Return/Exchange, Recommendations, Delivery, Availability, Discount waiting, Quality uncertainty, Reviews/ratings, Product discovery, Product comparison, Price, Product appearance, Size/Fit, Trust"
40d1ef7e-d1de-4ec4-877c-0307097d0c2b,Good experience shoping in Myntra good quality products provided,Direct,positive,"Purchased, Compared products, Wishlisted/Saved","Reviews/ratings, Price, Recommendations, Product discovery, Product appearance, Availability, Size/Fit, Product comparison, Delivery, Trust"
e21e70a8-8f6a-4399-a9d2-50300b4502be,love it!,Indirect,positive,"Purchased, Wishlisted/Saved, Compared products","Reviews/ratings, Product appearance, Availability, Size/Fit, Price, Return/Exchange, Trust, Product discovery, Recommendations"
f56c7604-bf3a-4eba-9f47-f2f4fa4e6c72,one app for all fashion styles,Direct,neutral,Purchased,Availability
6c2a6daa-8755-45e3-b460-d7f71647894f,good 😊,Indirect,positive,"Purchased, Wishlisted/Saved","Reviews/ratings, Availability"
5ffb0d1a-6bd0-4da8-a6f6-41c522b61ded,"I have tried many shopping apps before but Mantra is the best in terms of product quality and shipping, everything is on time.Myntra's customer care support is also very good.And if I have to buy any beauty products or clothes, I prefer Myntra only.",Indirect,positive,"Purchased, Compared products, Wishlisted/Saved, Considered but didn't buy","Availability, Delivery, Product appearance, Discount waiting, Product comparison, Product discovery, Size/Fit, Quality uncertainty, Reviews/ratings, Choice overload, Price, Return/Exchange"
d97f2db1-44b6-4fe6-8edf-1ee806ec7439,I love ❤️ it,Indirect,positive,"Purchased, Wishlisted/Saved, Compared products, Waiting","Reviews/ratings, Product appearance, Trust, Availability, Price, Return/Exchange, Size/Fit, Recommendations, Product discovery, Delivery, Quality uncertainty"
eee60eab-d4a3-4d96-a62d-3e623dfe178b,awesome shopping platform,Direct,positive,"Wishlisted/Saved, Purchased, Compared products, Considered but didn't buy","Product discovery, Product comparison, Price, Delivery, Product appearance, Recommendations, Availability, Reviews/ratings"
f25d3e59-d9c5-41eb-afd2-c0953aea1cd6,good,Indirect,positive,"Purchased, Compared products, Wishlisted/Saved, Considered but didn't buy","Availability, Reviews/ratings, Product appearance, Recommendations, Size/Fit, Quality uncertainty, Trust, Price"
20f66bab-7934-4410-a724-716bd7acc480,good one platform,Direct,positive,"Purchased, Compared products, Wishlisted/Saved","Reviews/ratings, Availability, Trust, Delivery, Product appearance, Price"
8a312c8e-7c32-4afe-9b5b-f95d4934dc3c,Wow this app is useful.😊,Indirect,positive,"Purchased, Wishlisted/Saved, Compared products","Delivery, Product discovery, Recommendations, Product comparison, Reviews/ratings, Size/Fit, Price, Availability, Trust, Return/Exchange"
844df63e-c62b-47e8-93da-f3ceffe921c5,too good,Indirect,positive,"Purchased, Considered but didn't buy, Compared products, Wishlisted/Saved","Choice overload, Availability, Size/Fit, Price, Product appearance, Reviews/ratings, Delivery"
7ba0212e-f760-4d93-abc3-64cf07f32235,nice,Indirect,positive,"Purchased, Considered but didn't buy, Wishlisted/Saved, Compared products","Product appearance, Reviews/ratings"
deb8d2a8-475b-4570-965b-b258d5f71da3,gudd,Indirect,neutral,"Purchased, Considered but didn't buy",
aee09ffd-3b1c-469c-b4fe-b2e186d167c9,nicee app,Indirect,positive,Purchased,Product discovery
2c0b9714-3cf8-4da5-9aca-6d0bcfdd7be5,very good app,Indirect,positive,"Purchased, Wishlisted/Saved, Considered but didn't buy","Reviews/ratings, Delivery, Product discovery, Recommendations, Price, Availability"
2ba06451-666a-477e-9d8d-a9cb26ba3327,well,Indirect,neutral,"Purchased, Considered but didn't buy, Compared products","Availability, Product appearance"
ee0b7c11-edcc-4574-9d42-91f70a6d0c75,"such a amazing product, I am also using since 2 year",Direct,positive,"Compared products, Purchased, Wishlisted/Saved","Reviews/ratings, Delivery, Product comparison, Product discovery, Price, Availability"
8494c7cd-6a98-470a-9882-248fc0656598,very nice and excellent,Direct,positive,"Purchased, Compared products, Wishlisted/Saved, Considered but didn't buy","Product appearance, Reviews/ratings, Price, Availability, Size/Fit, Delivery, Recommendations, Trust, Product comparison, Return/Exchange, Product discovery, Discount waiting"
9f783af2-f0c7-4380-89d6-6556660eb2b0,best,Indirect,positive,"Purchased, Wishlisted/Saved, Compared products, Considered but didn't buy","Availability, Recommendations, Reviews/ratings, Price, Product appearance"
f469dde2-febd-45e7-b356-cafbcaf26890,very good product,Direct,positive,"Purchased, Compared products, Wishlisted/Saved, Considered but didn't buy","Reviews/ratings, Availability, Delivery, Size/Fit, Product comparison, Price, Product appearance, Trust, Product discovery, Recommendations, Return/Exchange"
760fbddd-6b6f-4fad-8857-5ad3f1a690dc,expensive clothes in affordable price,Direct,neutral,"Purchased, Wishlisted/Saved, Compared products","Availability, Product comparison, Price, Product appearance, Size/Fit, Recommendations, Product discovery"
1e37a4fd-9a36-41ab-982f-eaae4feafec4,good,Indirect,positive,"Purchased, Compared products, Wishlisted/Saved, Considered but didn't buy","Availability, Reviews/ratings, Product appearance, Recommendations, Size/Fit, Quality uncertainty, Trust, Price"
f3e9442a-d4f0-480f-855b-db7ee28fcbc7,einhave best experience,Direct,positive,"Purchased, Wishlisted/Saved, Compared products","Product comparison, Availability, Reviews/ratings, Price, Recommendations"
90534819-a6f3-4dd0-8a71-5c5c7c971ce2,very good experience 💯,Direct,positive,"Wishlisted/Saved, Purchased, Compared products","Reviews/ratings, Availability, Delivery, Trust, Recommendations, Return/Exchange, Price"
a999cd62-460e-4ed0-ba0e-560d424182b9,super fast,Direct,positive,"Purchased, Wishlisted/Saved, Compared products","Delivery, Availability"
464a0ec9-071a-4cc0-9d9e-fe74e4166195,very nice product 💯 and good 👍👍👍 price 💯,Direct,positive,"Purchased, Compared products, Wishlisted/Saved, Considered but didn't buy","Price, Reviews/ratings, Product comparison, Recommendations, Delivery, Availability, Size/Fit, Product appearance, Product discovery, Discount waiting, Trust"
2d7084f6-4a34-4002-927e-a504b9f125ba,very good products..,Indirect,positive,"Compared products, Purchased, Considered but didn't buy, Wishlisted/Saved","Reviews/ratings, Product comparison, Availability, Price, Size/Fit, Product appearance, Delivery, Product discovery, Recommendations"
4052da7d-0ef5-41a1-bd49-6a13cc502964,good,Indirect,positive,"Purchased, Compared products, Wishlisted/Saved, Considered but didn't buy","Availability, Reviews/ratings, Product appearance, Recommendations, Size/Fit, Quality uncertainty, Trust, Price"
754c3d79-c1b1-4b46-8a8f-4979589c924c,nyc clothh♥️,Indirect,positive,"Purchased, Considered but didn't buy","Size/Fit, Reviews/ratings"
d74bf3b4-1865-417c-9f7d-2cf2968c44aa,it's so amazing,Indirect,positive,"Wishlisted/Saved, Compared products, Purchased","Choice overload, Availability, Reviews/ratings, Product appearance, Price, Product discovery, Trust, Recommendations"
9fbff306-14a0-4bfd-89c2-6001f15de435,"Extremely poor experience with Myntra. My dress arrived without the loop tag, so I requested a return, but the pickup was refused because of a tag that was missing when I received it. I’ve spoken to 6–7 agents, wasted hours explaining the same issue, and still have to wait until 25th Aug. I need a replacement by 26th Aug, so I may now have to pay twice because of Myntra’s failure. Worst part: an agent rudely disconnected my call when I asked for a senior representative. Absolutely unacceptable.",Indirect,negative,"Waiting, Purchased, Wishlisted/Saved, Compared products, Considered but didn't buy","Quality uncertainty, Return/Exchange, Choice overload, Discount waiting, Reviews/ratings, Delivery, Availability, Product appearance, Product discovery, Product comparison, Size/Fit, Recommendations, Price, Trust"
7e36b120-dfb0-4940-806a-9347878b9c40,good good not bad,Indirect,positive,"Purchased, Compared products, Wishlisted/Saved","Reviews/ratings, Availability, Product appearance, Product comparison, Size/Fit, Price, Return/Exchange, Trust, Delivery, Recommendations"
217c8968-1c0f-4c4a-84c1-ecbbcb109005,great,Indirect,positive,"Purchased, Compared products, Wishlisted/Saved","Availability, Reviews/ratings, Product appearance"
340c88e3-8f12-473d-9fa2-90a217db71bf,goin well till 5 days baxk unexpectedly deactivated my account with no reason dont know why,Indirect,negative,,"Quality uncertainty, Reviews/ratings, Availability"
230a999a-1f1d-4db3-80d1-0f75a96c1b6e,super,Direct,positive,"Purchased, Compared products, Wishlisted/Saved","Availability, Product appearance, Size/Fit"
da49186d-e78e-409d-82c9-59f51ce54cc2,"such a beautiful cup set ☕️☕️commendable Packaging ,design is so cute and as per my expectation.Thank so much myntra for this beautiful cup set.",Direct,positive,"Purchased, Compared products, Wishlisted/Saved","Reviews/ratings, Product appearance, Recommendations, Choice overload, Delivery, Product discovery, Size/Fit, Price, Availability, Product comparison, Trust, Return/Exchange"
2afc5c01-41e6-4c35-b6e3-84c5a3ae55ca,best clothe shopping app,Indirect,positive,"Purchased, Wishlisted/Saved, Compared products","Price, Product comparison, Size/Fit, Delivery, Recommendations"
d823fb88-b8a4-4b27-a7bd-6c79fedf18cb,"Extremely disappointing experience with Myntra. I ordered Plix Jamun Clarifying Fruity Toner, but the product arrived broken and leaking despite the packaging being unopened. This is clearly unacceptable, especially for a skincare product. What’s even more frustrating is that it has now been 5 days since I raised the issue, and there has been no proper resolution or meaningful action from Myntra. literally the worst shopping app they don't care about the customer at all.",Indirect,negative,"Purchased, Compared products, Waiting, Wishlisted/Saved, Considered but didn't buy","Quality uncertainty, Availability, Product appearance, Product discovery, Choice overload, Reviews/ratings, Return/Exchange, Delivery, Discount waiting, Trust, Product comparison, Price, Recommendations, Size/Fit"
fa57fd79-c1c4-4033-8efd-65c2c5d16ec4,Great,Indirect,positive,"Purchased, Wishlisted/Saved, Compared products","Availability, Reviews/ratings, Product appearance"
aacdf105-f6f3-4d89-9ecf-85bfaea59e2b,fantastic app,Indirect,positive,"Wishlisted/Saved, Purchased, Considered but didn't buy, Compared products","Product discovery, Delivery, Reviews/ratings, Recommendations, Trust, Availability, Product comparison, Price, Size/Fit"
e5e3eadb-c3ec-4231-90b3-ad7d9caff783,very nice easy returns and exchange,Direct,positive,"Purchased, Compared products","Return/Exchange, Price, Availability, Size/Fit, Product appearance"
c42b5725-f2a2-468b-ad43-4fc3dd4a9a40,good product love it,Indirect,positive,"Purchased, Compared products, Wishlisted/Saved, Considered but didn't buy","Reviews/ratings, Product appearance, Availability, Size/Fit, Delivery, Recommendations, Price, Product discovery, Trust, Product comparison, Return/Exchange"
5c5dfb03-a8fb-4f1d-8f0c-3319a44af195,Good and effortless ordering experience and let's not say anything about the quality and affordability of the products. The range is vivid and thus making it accessible for all lovelies out there! 🌟🌟🌟❤️❤️,Direct,positive,"Purchased, Compared products, Wishlisted/Saved","Product appearance, Delivery, Availability, Product discovery, Reviews/ratings, Size/Fit, Price, Trust, Recommendations, Discount waiting, Choice overload"
12410cf9-df62-416e-a8bd-90467af55e90,Its been years of using Myntra and it's my go to app for shopping but now repeatedly delivering wrong products. So disappointed with their service. Either change your sellers or improve your service.👎,Indirect,negative,"Compared products, Purchased","Delivery, Product discovery, Size/Fit, Quality uncertainty, Product comparison, Reviews/ratings, Price"
0071162a-a0f9-436f-b05c-772f0ed17bd6,best app,Indirect,positive,"Purchased, Wishlisted/Saved, Compared products","Product comparison, Recommendations, Delivery, Product discovery, Reviews/ratings, Price, Availability"
10d745aa-9f8c-4775-9cbe-8c8619e48210,good,Indirect,positive,"Purchased, Compared products, Wishlisted/Saved, Considered but didn't buy","Availability, Reviews/ratings, Product appearance, Recommendations, Size/Fit, Quality uncertainty, Trust, Price"
5abf4a0f-5a41-4a2a-8186-7c82ec825971,extraordinary 🤩,Direct,positive,,Choice overload
967e1766-dafc-49d2-8378-c5909f3bb705,best app for shopping,Direct,positive,"Purchased, Compared products, Wishlisted/Saved","Product discovery, Price, Product comparison, Delivery, Recommendations, Size/Fit, Product appearance"
946603a7-6b6a-4265-99bd-a7ecbfc51a85,good 😊,Indirect,positive,"Purchased, Wishlisted/Saved","Reviews/ratings, Availability"
f05d081e-2423-4a27-9e9b-709d3d8f5a58,excellent,Indirect,positive,"Purchased, Compared products, Wishlisted/Saved","Reviews/ratings, Product appearance, Availability, Price, Size/Fit, Delivery, Recommendations, Trust, Return/Exchange"
1250489d-2be3-437e-b5f3-fe890c409a7b,nice,Indirect,positive,"Purchased, Considered but didn't buy, Wishlisted/Saved, Compared products","Product appearance, Reviews/ratings"
12d9a26f-704c-4eb6-838b-ff16a8b22bbe,best product quality,Direct,positive,"Purchased, Compared products, Wishlisted/Saved, Considered but didn't buy","Product comparison, Availability, Delivery, Size/Fit, Reviews/ratings, Recommendations, Trust, Price"
47b850f9-cb58-4538-8e69-65dadafe898d,good,Indirect,positive,"Purchased, Compared products, Wishlisted/Saved, Considered but didn't buy","Availability, Reviews/ratings, Product appearance, Recommendations, Size/Fit, Quality uncertainty, Trust, Price"
064a0d62-a5a9-402c-9375-6cb396a31020,nice shop app,Indirect,positive,"Purchased, Considered but didn't buy, Wishlisted/Saved",Product discovery
4b647bf7-f4e4-4941-a2d3-ff23d99d39a7,excellent,Indirect,positive,"Purchased, Compared products, Wishlisted/Saved","Reviews/ratings, Product appearance, Availability, Price, Size/Fit, Delivery, Recommendations, Trust, Return/Exchange"
770a18ce-2cfa-4fc2-8325-f698acbec429,very affordable shopping app,Indirect,positive,"Wishlisted/Saved, Purchased, Compared products","Price, Delivery, Product discovery, Product comparison, Availability, Size/Fit"
30c1b6dd-e8bc-436f-897c-7818d541a63f,good,Indirect,positive,"Purchased, Compared products, Wishlisted/Saved, Considered but didn't buy","Availability, Reviews/ratings, Product appearance, Recommendations, Size/Fit, Quality uncertainty, Trust, Price"
545768df-d692-4f24-a47f-aa512d842883,excellent 👌👌👌👌💗💗💗,Direct,positive,"Purchased, Compared products, Wishlisted/Saved","Reviews/ratings, Product appearance, Price, Availability, Trust, Product comparison, Recommendations, Delivery, Return/Exchange, Size/Fit, Product discovery"
93a80c2b-8c53-49ee-b4e6-30b55d99348b,"The return process gets a little hectic at times, otherwise it's a nice app for quality shopping experience.",Direct,positive,"Purchased, Compared products","Return/Exchange, Delivery, Discount waiting, Price, Product appearance"
1c586e85-352c-4c2a-844b-c69cf46d3365,amazing experience,Direct,positive,"Purchased, Wishlisted/Saved, Compared products","Availability, Reviews/ratings, Choice overload, Delivery, Trust, Price, Recommendations, Return/Exchange"
f68e7ee6-649b-4938-b76c-15e59fadccd9,Great,Indirect,positive,"Purchased, Wishlisted/Saved, Compared products","Availability, Reviews/ratings, Product appearance"
8f81d4ba-e337-465f-90ea-aaf394d0b6e3,nice,Indirect,positive,"Purchased, Considered but didn't buy, Wishlisted/Saved, Compared products","Product appearance, Reviews/ratings"
865abdca-da61-493c-90aa-126ad9bfbc47,best,Indirect,positive,"Purchased, Wishlisted/Saved, Compared products, Considered but didn't buy","Availability, Recommendations, Reviews/ratings, Price, Product appearance"
aaea43cc-3b09-45ea-b072-c74ce7f6b77f,👍,Indirect,positive,"Purchased, Considered but didn't buy",
e55c6969-546c-4ed5-afd0-cde0596eecdf,that's really amazing experience with Myntra everytime . It never disappoints.,Direct,positive,"Purchased, Compared products, Wishlisted/Saved","Reviews/ratings, Product appearance, Product discovery, Price, Product comparison, Recommendations, Availability, Size/Fit, Return/Exchange, Delivery, Trust"
c44119de-c59f-450f-a37e-e2cc825cabaf,superb,Direct,positive,"Purchased, Compared products, Wishlisted/Saved","Reviews/ratings, Product appearance, Availability, Size/Fit, Price, Delivery, Recommendations, Trust, Return/Exchange, Product comparison"
3ef52d40-d19f-4b0b-bd63-8dcf158f1b0c,Great deal on time delivery,Direct,positive,"Purchased, Wishlisted/Saved, Compared products","Availability, Delivery, Price, Discount waiting, Size/Fit"
65b1ffdd-5ba9-48b7-8d24-bb24038006f7,good app,Indirect,positive,"Purchased, Wishlisted/Saved","Delivery, Product discovery, Reviews/ratings, Recommendations"
88beaed2-1653-4cd9-a9bb-b0613090a6ff,really fantastic shopping app,Direct,positive,"Wishlisted/Saved, Purchased, Compared products, Considered but didn't buy","Price, Product discovery, Product comparison, Delivery, Size/Fit"
534d91db-41bf-45b5-a238-f7ce1abad2b9,good,Indirect,positive,"Purchased, Compared products, Wishlisted/Saved, Considered but didn't buy","Availability, Reviews/ratings, Product appearance, Recommendations, Size/Fit, Quality uncertainty, Trust, Price"
5d94ec55-af96-4a4b-b672-74b20a84dd13,good,Indirect,positive,"Purchased, Compared products, Wishlisted/Saved, Considered but didn't buy","Availability, Reviews/ratings, Product appearance, Recommendations, Size/Fit, Quality uncertainty, Trust, Price"
3b423c32-3564-4f71-8c7a-9b8bb098f133,good shopping,Indirect,positive,"Purchased, Compared products, Wishlisted/Saved","Size/Fit, Price, Product comparison, Product appearance, Choice overload, Product discovery, Delivery"
34612cb3-1846-4ce8-b49a-d69a45f218d4,this aap is good for shopping,Direct,positive,"Compared products, Purchased, Wishlisted/Saved",Product comparison
6ec8b032-6c1b-43d2-a999-61d8d91a67bd,good app everyone must use best reasonable budget friendly app,Indirect,positive,"Purchased, Compared products","Product comparison, Delivery, Price, Recommendations, Reviews/ratings, Size/Fit, Product discovery"
305c7493-47b7-4ce9-9174-f9ea8c73a2cb,Lovely experience,Direct,positive,"Purchased, Wishlisted/Saved, Compared products","Reviews/ratings, Availability, Delivery, Price, Return/Exchange, Trust, Size/Fit, Product appearance"
a25c41e6-8457-494d-b9da-1b9535901a49,"good but little expensive, quality was much good",Indirect,positive,"Purchased, Compared products, Wishlisted/Saved, Considered but didn't buy","Reviews/ratings, Product comparison, Price, Product appearance, Recommendations, Availability, Delivery, Size/Fit, Product discovery, Trust, Quality uncertainty"
773340cb-2095-4e30-a77c-4cf46bf2163a,good,Indirect,positive,"Purchased, Compared products, Wishlisted/Saved, Considered but didn't buy","Availability, Reviews/ratings, Product appearance, Recommendations, Size/Fit, Quality uncertainty, Trust, Price"
86944466-4369-402a-8afc-8505744cd579,good app,Indirect,positive,"Purchased, Wishlisted/Saved","Delivery, Product discovery, Reviews/ratings, Recommendations"
5c73548e-05a6-4bc7-8d0c-436402f39ef2,worst servicee ordered a product at 13 august estimated delivery date was 16th of August today is 22 aug no update yet and also no response from team,Indirect,negative,"Waiting, Purchased, Compared products","Quality uncertainty, Availability, Discount waiting, Delivery, Size/Fit, Price"
b0068b17-b12a-4997-92d3-f2138dc47cf4,Good,Indirect,positive,"Purchased, Compared products, Wishlisted/Saved","Reviews/ratings, Availability, Size/Fit, Product appearance, Recommendations, Trust, Return/Exchange"
794b8706-9259-439b-88b3-16273c2b2a55,❤️,Indirect,positive,"Purchased, Considered but didn't buy, Wishlisted/Saved",Trust
acfedcb4-9d31-4e2d-9fd1-f1e91ade9965,very good app,Indirect,positive,"Purchased, Wishlisted/Saved, Considered but didn't buy","Reviews/ratings, Delivery, Product discovery, Recommendations, Price, Availability"
7142a9e4-749b-431c-82ea-3bb2f41aa8a4,super,Direct,positive,"Purchased, Compared products, Wishlisted/Saved","Availability, Product appearance, Size/Fit"
233c7024-455f-4f9e-8ac4-1b227797f48e,"superb app for shopping, best products in best price",Direct,positive,"Purchased, Wishlisted/Saved, Compared products, Considered but didn't buy","Product comparison, Product discovery, Recommendations, Price, Delivery, Product appearance, Size/Fit, Availability"
5bea7e56-db60-4882-912c-7642fb5239af,very good service and decent products,Direct,positive,"Compared products, Purchased, Wishlisted/Saved, Considered but didn't buy","Reviews/ratings, Delivery, Availability, Recommendations, Product comparison, Product appearance, Size/Fit, Price"
4f9de6ae-f15d-4396-b2b0-8f2298b6d682,awsm,Indirect,neutral,"Purchased, Considered but didn't buy",Availability
a8f2d0a8-6b02-40ce-b212-50b7b67e3057,very good,Indirect,positive,"Purchased, Compared products, Wishlisted/Saved","Reviews/ratings, Price, Product appearance, Availability, Delivery, Size/Fit, Recommendations"
267c106d-ca9c-4f56-84bc-66153a9e4bb6,"The price breakup should be much more transparent. Customers should be clearly shown where their money is going and how much is being charged by Myntra, the seller, logistics, platform fees, taxes, or any other service. In my case, ₹171 was charged as GT charges, but this was not clearly shown in the app's price breakup. Customers should not have to download separate invoices to understand where their money went. Please provide a complete and transparent breakup of every charge before payment.",Indirect,neutral,"Purchased, Wishlisted/Saved, Compared products, Waiting, Considered but didn't buy","Price, Product appearance, Quality uncertainty, Recommendations, Size/Fit, Trust, Product comparison, Availability, Delivery, Choice overload, Return/Exchange, Product discovery, Discount waiting, Reviews/ratings"
29a24b1c-adbd-4893-b03b-f5dc4fbb057f,good,Indirect,positive,"Purchased, Compared products, Wishlisted/Saved, Considered but didn't buy","Availability, Reviews/ratings, Product appearance, Recommendations, Size/Fit, Quality uncertainty, Trust, Price"
4b6558c0-80a6-4165-9b3d-baffac72c819,owsm app,Indirect,neutral,,
e3bf4a46-fca8-4e2a-b779-e3978b24f1b3,The best,Direct,positive,"Purchased, Compared products, Wishlisted/Saved","Availability, Price, Delivery, Product appearance, Trust, Reviews/ratings, Size/Fit, Return/Exchange, Recommendations, Product comparison"
2484b24d-6c33-45b1-8c09-98dd26c62537,best quality products,Direct,positive,"Compared products, Purchased, Wishlisted/Saved, Considered but didn't buy","Product comparison, Recommendations, Availability, Delivery, Reviews/ratings, Product discovery, Size/Fit, Price"
18e607c4-6434-4201-876e-64af63605e33,i like this app so much and like to purchase from here...and i love the ultimate gc so much,Direct,positive,"Purchased, Wishlisted/Saved, Compared products, Waiting","Product comparison, Price, Product discovery, Product appearance, Availability, Delivery, Reviews/ratings, Recommendations, Trust, Discount waiting, Return/Exchange, Size/Fit, Quality uncertainty"
703c66f9-0d10-4023-8d40-ff5218700529,it's awesome one to have window shopping,Indirect,positive,"Purchased, Compared products, Wishlisted/Saved",Product appearance
53942336-f589-4471-af04-506c4d28e914,"Title: Worst Experience - Fake Delivery Update & No Support!Myntra app is showing my as ""Delivered,"" but I have NOT received my package! No delivery guy called me, and no OTP was asked. Customer service is not helping. This is fraud. Please look into this immediately and refund my money! #not accept this kind of service from myntra",Indirect,negative,"Purchased, Compared products, Wishlisted/Saved, Waiting, Considered but didn't buy","Delivery, Product appearance, Quality uncertainty, Discount waiting, Reviews/ratings, Availability, Choice overload, Price, Trust, Return/Exchange, Size/Fit, Recommendations, Product comparison"
77551d3f-8cc8-48a7-ac21-1703430dae8c,"⭐⭐⭐⭐⭐ Excellent Shopping Experience! “Great collection, good quality products, attractive discounts and easy shopping experience. Delivery is usually smooth and the app is very easy to use. Highly recommended for fashion shopping!”",Direct,positive,"Purchased, Compared products, Wishlisted/Saved, Waiting, Considered but didn't buy","Reviews/ratings, Delivery, Recommendations, Product appearance, Discount waiting, Availability, Trust, Price, Size/Fit, Product discovery, Choice overload, Product comparison, Return/Exchange, Quality uncertainty"
edffea32-1c4a-41b5-96eb-5d3ba5106b33,very good,Indirect,positive,"Purchased, Compared products, Wishlisted/Saved","Reviews/ratings, Price, Product appearance, Availability, Delivery, Size/Fit, Recommendations"
6add3048-a7cb-4175-a18d-318bbe29fa10,worst app ever my order has been delayed by more than 10 days and when tried to contact the helpline many times but all agents are busy the help chat is aslo of no use then complaint in Myntra grievances still no delivery or refund for my items.,Indirect,negative,"Purchased, Waiting, Compared products","Quality uncertainty, Discount waiting, Choice overload, Availability, Product appearance, Size/Fit, Reviews/ratings, Recommendations"
fed98b0a-8329-44ca-8c00-410a0b4b13f9,excellent App with very nice quality product. Sometimes products are delivered earlier than expected,Direct,positive,"Purchased, Wishlisted/Saved, Compared products, Considered but didn't buy","Delivery, Availability, Product discovery, Product comparison, Trust, Size/Fit, Recommendations, Price, Product appearance, Reviews/ratings, Quality uncertainty, Discount waiting, Return/Exchange"
707fab07-25fe-4147-933d-22d5277b5f77,good,Indirect,positive,"Purchased, Compared products, Wishlisted/Saved, Considered but didn't buy","Availability, Reviews/ratings, Product appearance, Recommendations, Size/Fit, Quality uncertainty, Trust, Price"
66b7fac7-6a58-42e5-b336-42abc84188df,"Costing too much extra fees, convenience fees n that.",Indirect,negative,"Considered but didn't buy, Purchased, Compared products","Price, Choice overload, Delivery"
4d86bcb2-fcf1-4ac2-9f64-0e9229f6d1dd,return is available but not pick-up and if dilevery boy come he say you have to talk with agent your yellow colour tag cafe is not match with our app and i have bill and yellow tag also and reture packaging is also safe but not help center ans and not pick-up what i do nowe????,Indirect,negative,"Purchased, Compared products, Considered but didn't buy, Waiting","Availability, Quality uncertainty, Return/Exchange, Delivery, Choice overload, Product appearance, Discount waiting, Price, Product comparison"
63ec460d-5bac-4ae4-adc6-d187d4abbd4e,excellent quality,Direct,positive,"Purchased, Compared products, Wishlisted/Saved","Availability, Product appearance, Reviews/ratings, Size/Fit, Price, Delivery, Product comparison, Recommendations, Trust"
bb9f079a-5ac6-4f8e-bb39-843ff3a45777,Nice,Indirect,positive,"Purchased, Wishlisted/Saved, Compared products, Considered but didn't buy","Product appearance, Reviews/ratings, Size/Fit, Availability, Price"
a86368ae-aefb-4c0d-86c9-3bd8292accaa,nice,Indirect,positive,"Purchased, Considered but didn't buy, Wishlisted/Saved, Compared products","Product appearance, Reviews/ratings"
c25689a7-8110-4cad-8a65-a5f88d7aee10,awesome and well experience for all .,Direct,positive,"Wishlisted/Saved, Purchased, Compared products","Availability, Reviews/ratings, Product appearance, Delivery, Recommendations, Product discovery, Price, Trust, Return/Exchange"
bd8e7451-6258-4f1f-bb06-eeb6ab3152ca,best app for clothing,Indirect,positive,"Purchased, Compared products, Wishlisted/Saved","Product comparison, Size/Fit, Price, Recommendations"
0cac4ff5-3048-406b-9e07-82f3c6dc8bb9,very good 👍,Indirect,positive,"Purchased, Compared products, Wishlisted/Saved","Reviews/ratings, Price, Product appearance, Availability, Delivery, Size/Fit"
2bb38515-ca64-4c6f-8e72-3096dc85caf3,everything's quality is good and everything is budget friendly,Indirect,positive,"Compared products, Purchased, Wishlisted/Saved, Considered but didn't buy","Product comparison, Product appearance, Availability, Price, Recommendations, Reviews/ratings, Delivery, Product discovery"
8a4dcc11-99c4-4507-9e70-fce3dc3f54ab,easy to shop with fast delivery and decent collections,Direct,positive,"Compared products, Purchased, Wishlisted/Saved","Delivery, Availability, Product appearance, Recommendations, Price, Product discovery, Discount waiting, Size/Fit, Reviews/ratings, Product comparison"
dfb8bc67-a02c-46e9-95ce-ad9e5bb73a88,best shopping app,Direct,positive,"Purchased, Wishlisted/Saved, Compared products","Product discovery, Delivery, Price, Product comparison, Recommendations"
04a9291a-ddde-41b9-b332-a6d392084e2a,best product,Direct,positive,"Purchased, Compared products, Wishlisted/Saved, Considered but didn't buy","Product comparison, Availability, Reviews/ratings, Delivery, Recommendations, Price, Size/Fit, Product discovery, Trust"
bdd2f4e2-1d64-4435-a77e-4df7ff7bad81,very good collection of quality cloths,Direct,positive,"Compared products, Purchased","Product appearance, Reviews/ratings, Price, Availability, Product comparison, Size/Fit"
c273de6b-fdbc-43b2-be67-cc6f14eaf51a,I love myntra,Indirect,positive,"Purchased, Compared products, Wishlisted/Saved","Product appearance, Reviews/ratings, Product discovery, Product comparison"
239f4d8c-fb12-4277-a6dd-a223ae09e651,Good aap,Indirect,positive,"Purchased, Wishlisted/Saved","Availability, Reviews/ratings"
942d0e15-7be6-4acc-9e8d-58d457d58fbb,very very good app for shopping. i have been using it since 4 years and it is great,Direct,positive,"Purchased, Compared products, Wishlisted/Saved, Considered but didn't buy","Product discovery, Product comparison, Delivery, Size/Fit, Price, Reviews/ratings, Recommendations, Return/Exchange, Discount waiting, Availability, Product appearance"
4dc4109d-0895-4bce-9657-cbb32e14b916,"Excellent shopping experience with Myntra! The product quality was great, delivery was quick, and the overall service was smooth and reliable. I’m very satisfied with my purchase and would definitely recommend Myntra to others.",Indirect,positive,"Purchased, Compared products, Wishlisted/Saved, Waiting","Reviews/ratings, Recommendations, Delivery, Availability, Product appearance, Product discovery, Price, Size/Fit, Product comparison, Trust, Discount waiting, Return/Exchange, Quality uncertainty, Choice overload"
5a8ca26e-a620-4fc0-a1bd-c724a46b6f38,very good,Indirect,positive,"Purchased, Compared products, Wishlisted/Saved","Reviews/ratings, Price, Product appearance, Availability, Delivery, Size/Fit, Recommendations"
fadf7eb4-f827-4467-8f85-5659c9c16eb2,myntra is best shopping app and give a best quality product.,Indirect,positive,"Purchased, Compared products","Product discovery, Product comparison, Price"
e1f1c51c-a37d-4a4e-9e61-c9997afd02d0,"This is terrible. I ordered a parcel; the app showed it as 'delivered,' but it never actually reached me. When I complained, they said there was nothing they could do about it. That is why this app is truly useless 😡.",Indirect,negative,"Purchased, Compared products, Waiting, Considered but didn't buy, Wishlisted/Saved","Quality uncertainty, Product appearance, Delivery, Choice overload, Availability, Discount waiting, Return/Exchange, Recommendations, Size/Fit, Price, Product comparison, Product discovery, Trust"
85407731-61d4-4e0a-8ac3-006b8e4008b6,Best quality 👌 fast delivery and very comfortable material,Direct,positive,"Purchased, Wishlisted/Saved, Compared products, Waiting","Recommendations, Delivery, Reviews/ratings, Availability, Product appearance, Trust, Size/Fit, Price, Product discovery, Product comparison, Discount waiting"
364add19-dc28-48fc-9b94-ab2617ae2606,nice app,Indirect,positive,"Purchased, Wishlisted/Saved","Delivery, Product discovery, Reviews/ratings"
1bd14f1e-096c-4fd1-9af0-bc24671e341b,best experience with myntra,Direct,positive,"Purchased, Compared products, Wishlisted/Saved","Product comparison, Reviews/ratings, Price, Recommendations, Availability, Product discovery, Product appearance"
8208a270-6655-4c97-adf4-9903539bead8,"Myntra has the worst customer care service, first of all it's so frustrating to talk to actual agents, the A.I always stating that all agents are too busy. Then even if you do talk to one they are unable to comprehend the issue. I'm never ordering from Myntra again.",Indirect,negative,"Purchased, Considered but didn't buy, Compared products, Wishlisted/Saved, Waiting","Choice overload, Reviews/ratings, Availability, Product appearance, Quality uncertainty, Recommendations, Product comparison, Return/Exchange, Price, Size/Fit, Discount waiting, Trust, Product discovery"
c9fd5196-a210-480d-9cf6-911b6ee0bc4f,the experience was amazing the jeans quality are 10/10 and delivery as got expected i would recommend myntra for your shopping and I'm happy with that it's great deal I've ever had so hurry now,Indirect,positive,"Purchased, Compared products, Wishlisted/Saved, Waiting","Reviews/ratings, Recommendations, Delivery, Availability, Size/Fit, Product discovery, Price, Product appearance, Product comparison, Discount waiting"
f39a81b0-f617-4fee-995b-87953df102e5,easy to use and perfect,Direct,positive,"Compared products, Purchased, Wishlisted/Saved","Return/Exchange, Delivery, Product appearance, Price, Availability, Trust, Recommendations"
f1ed464a-6bed-454b-b4c6-0793f35bf611,I have been using this app from last 5 years without any issue but from this month they have are scamming they sent me different product also didn't refunded my money I have now trust issue on myntra pls be aware,Indirect,negative,"Purchased, Compared products","Trust, Product discovery, Product appearance, Price, Product comparison, Recommendations, Quality uncertainty"
d62d88ea-b454-493d-be77-c0f09874328b,this app is very excellent because you find any products in low prices in good quality,Direct,positive,"Compared products, Purchased, Wishlisted/Saved","Product discovery, Product comparison, Delivery, Recommendations, Availability, Price, Discount waiting, Size/Fit"
acfb87d0-ebbc-4af5-b7b0-020a818120c5,nice service,Indirect,positive,"Purchased, Wishlisted/Saved, Waiting","Availability, Delivery, Reviews/ratings, Discount waiting"
7bac5acf-4d94-4311-ad02-2cbc45c355f8,Fraud Myntra delivered the wrong product by myntra and still didn't get any help from myntra team so I recommend not buying any products from myntra. #NOT Buying Any Products From Myntra.,Indirect,negative,"Compared products, Considered but didn't buy, Purchased, Waiting","Recommendations, Delivery, Quality uncertainty, Product appearance, Product comparison, Price, Availability, Size/Fit, Product discovery, Return/Exchange, Reviews/ratings"
4f656272-fc9b-4557-8623-e50f0940e245,good,Indirect,positive,"Purchased, Compared products, Wishlisted/Saved, Considered but didn't buy","Availability, Reviews/ratings, Product appearance, Recommendations, Size/Fit, Quality uncertainty, Trust, Price"
23e2a6e4-441b-43f8-af79-a07e902a5406,100% original product and low budget friendly price thnaks mayntra,Direct,positive,"Purchased, Wishlisted/Saved, Compared products, Considered but didn't buy","Price, Availability, Product appearance, Product discovery, Discount waiting, Product comparison, Delivery"
73462184-0f2b-4dbe-ad7c-5615b2fa7dcf,good,Indirect,positive,"Purchased, Compared products, Wishlisted/Saved, Considered but didn't buy","Availability, Reviews/ratings, Product appearance, Recommendations, Size/Fit, Quality uncertainty, Trust, Price"
8e6e862c-6810-4c1d-8c08-a1c68cd844fe,nice app with 100 percent original brands,Direct,positive,"Purchased, Compared products","Product comparison, Product discovery, Price, Availability, Product appearance, Size/Fit, Trust, Reviews/ratings, Recommendations"
d2edf4d4-3be6-411f-a99a-7ac11c019398,so bad experience sorry to say but.. for real jus bcz my order refund haven't received,Indirect,negative,"Waiting, Compared products, Purchased","Delivery, Discount waiting, Price, Reviews/ratings, Return/Exchange, Product appearance, Quality uncertainty, Availability"
2b5e2b0b-7931-46f9-912b-49b8a21c9e05,good product,Indirect,positive,"Purchased, Compared products, Considered but didn't buy, Wishlisted/Saved","Availability, Delivery, Reviews/ratings, Product appearance, Size/Fit, Product comparison, Price, Trust, Recommendations"
1952ad44-bf26-4413-a259-575dc3b939a2,"Myntra is a very good platform for fashionable items, very good quality with good service 👍. Thank you Myntra team.",Direct,positive,"Purchased, Compared products, Wishlisted/Saved, Considered but didn't buy, Waiting","Product appearance, Reviews/ratings, Price, Product comparison, Availability, Recommendations, Size/Fit, Return/Exchange, Trust, Discount waiting, Product discovery, Delivery"
75d458e8-3cfa-4d18-a458-662282bff13b,wonderful app with amazing products,Direct,positive,"Compared products, Wishlisted/Saved, Considered but didn't buy, Purchased","Product discovery, Product comparison, Size/Fit, Delivery, Price, Recommendations, Reviews/ratings, Availability, Trust, Product appearance, Choice overload"
d91b7615-ff5d-475a-8c68-bf1c43b0c98b,superb ❤️,Indirect,positive,"Purchased, Compared products, Wishlisted/Saved","Reviews/ratings, Product appearance, Size/Fit, Availability, Price, Trust, Recommendations, Return/Exchange, Product discovery, Delivery"
11fbc02f-86a8-4ab7-8e44-516a4315230a,such wonderful App-Fashion.if you give original condition of material to display on App.Trusting Myntra.keep move on...,Direct,positive,Purchased,Trust
941bd875-9ebc-4f91-9651-bdeb53bbbe39,everyone must use this app,Direct,neutral,Purchased,Delivery
1e4b4d4c-1ac0-4cdd-8c2b-e9d525d0aa6d,genuine,Direct,neutral,"Purchased, Compared products","Product appearance, Availability, Trust"
b59b42bb-48bb-4205-9701-209ce8a1bf0b,Super app,Direct,positive,Purchased,"Availability, Product discovery, Delivery"
2b4f86d1-43ed-47b2-ba05-5a7910046af9,very nice aap,Indirect,positive,"Purchased, Wishlisted/Saved, Considered but didn't buy, Compared products","Product appearance, Availability, Reviews/ratings"
98430c33-bade-4f85-acc9-f148e9ef377b,good,Indirect,positive,"Purchased, Compared products, Wishlisted/Saved, Considered but didn't buy","Availability, Reviews/ratings, Product appearance, Recommendations, Size/Fit, Quality uncertainty, Trust, Price"
0e3b90ab-0470-413e-a379-e222b21748b6,"myntra has more unique and trendy fashion options then any other apps in my opinion, love it!",Indirect,positive,"Purchased, Compared products","Product appearance, Choice overload, Product comparison"
66956244-ee32-476d-b97a-0978e9879df2,👍👍👍👍,Indirect,positive,"Purchased, Compared products","Reviews/ratings, Product appearance, Availability, Product comparison, Recommendations"
634f2bac-8a91-43ff-bc43-b9410530c51b,u could even add spots jerseys both fan and player edition,Indirect,neutral,"Purchased, Compared products",Product appearance
4b3e1dd1-76e8-4af9-89b9-6ace3c306f0c,good,Indirect,positive,"Purchased, Compared products, Wishlisted/Saved, Considered but didn't buy","Availability, Reviews/ratings, Product appearance, Recommendations, Size/Fit, Quality uncertainty, Trust, Price"
4c29c908-0215-49cb-a37c-e9bb8790d770,superb,Direct,positive,"Purchased, Compared products, Wishlisted/Saved","Reviews/ratings, Product appearance, Availability, Size/Fit, Price, Delivery, Recommendations, Trust, Return/Exchange, Product comparison"
a52a88ee-1c6e-4988-a86c-abb84c682f47,my honest rating 9/10,Direct,positive,"Purchased, Compared products, Considered but didn't buy","Reviews/ratings, Trust, Product appearance, Price, Availability, Product comparison"
c9938cfb-1d92-40d1-a250-a69b93c4c6a7,suddenly my account got deactivated(showing deactivated for security reasons) and I'm unable to contact customer care. there is no info for me. this will lead to losing trust in myntra. totally disappointed.,Indirect,negative,"Purchased, Compared products","Quality uncertainty, Trust, Product appearance"
9bc02301-df3e-4b9d-a8c3-b762aa6fbf9f,nice one,Indirect,positive,"Purchased, Wishlisted/Saved, Considered but didn't buy, Compared products","Product appearance, Trust, Price, Reviews/ratings"
5ba63527-6476-405b-889a-f400556403ec,Best,Direct,positive,"Purchased, Compared products, Wishlisted/Saved","Availability, Reviews/ratings, Recommendations, Product appearance, Product comparison, Price"
fca86e38-34e8-4f65-9f18-8f463f7b9325,Excellent Quality at affordable price!,Direct,positive,"Purchased, Compared products, Wishlisted/Saved","Price, Availability, Discount waiting, Product appearance, Reviews/ratings, Product comparison, Size/Fit, Delivery, Trust, Product discovery, Recommendations"
b199542e-30f2-4ad1-a434-4c97853ef0a8,👍,Indirect,positive,"Purchased, Considered but didn't buy",
87bf6378-1bc7-4dba-b991-b012e2b51e17,loved it good quality and worthful for money,Direct,positive,"Purchased, Compared products, Wishlisted/Saved","Price, Reviews/ratings, Product appearance, Product discovery, Availability, Recommendations, Product comparison, Size/Fit, Delivery, Trust, Return/Exchange"
1caa030b-4274-46ad-87ee-6db2a628fa38,"Very bad experience with Myntra. My order was cancelled by Myntra due to “unforeseen circumstances” without any proper explanation. I was expecting the product, but instead the order was simply cancelled. Very disappointing service and poor customer experience. Myntra should improve its delivery and order management.😡🤬🤬",Indirect,negative,"Purchased, Compared products, Considered but didn't buy, Wishlisted/Saved, Waiting","Quality uncertainty, Reviews/ratings, Recommendations, Delivery, Choice overload, Return/Exchange, Availability, Price, Discount waiting, Size/Fit, Product appearance, Trust, Product comparison, Product discovery"
7112833a-1189-442b-87c2-e379e9d29642,my experience in using the app is great,Direct,positive,"Compared products, Purchased, Wishlisted/Saved, Waiting","Delivery, Reviews/ratings, Product discovery, Recommendations, Price, Product appearance, Trust, Size/Fit, Availability, Product comparison"
afdcddfc-76ac-4da5-9c4a-69bc2efd086c,good app for shopping,Direct,positive,"Purchased, Wishlisted/Saved, Compared products","Delivery, Price, Product discovery, Product comparison, Size/Fit"
c48f1732-b107-4719-82fa-ec09f9d0223d,good,Indirect,positive,"Purchased, Compared products, Wishlisted/Saved, Considered but didn't buy","Availability, Reviews/ratings, Product appearance, Recommendations, Size/Fit, Quality uncertainty, Trust, Price"
533ea7a0-a6f6-4c40-b0d2-4d74a97ded6c,good,Indirect,positive,"Purchased, Compared products, Wishlisted/Saved, Considered but didn't buy","Availability, Reviews/ratings, Product appearance, Recommendations, Size/Fit, Quality uncertainty, Trust, Price"
bf2350df-b3e1-4682-ab06-8bdcfbca06b6,love Myntra ❤️,Indirect,positive,"Purchased, Wishlisted/Saved, Compared products","Product appearance, Product discovery, Reviews/ratings, Product comparison, Price, Size/Fit"
9491a76f-ec4b-462c-bbfb-c6d49894bad0,best,Indirect,positive,"Purchased, Wishlisted/Saved, Compared products, Considered but didn't buy","Availability, Recommendations, Reviews/ratings, Price, Product appearance"
4c253d86-a59b-4e0c-95a3-709f7fe54b1c,nice fragrance,Indirect,positive,"Purchased, Considered but didn't buy, Compared products, Wishlisted/Saved",Product appearance
56827aaf-bdd1-48e7-a660-0a3f03f6a6dd,nice app for shopping,Direct,positive,"Purchased, Wishlisted/Saved, Compared products","Product comparison, Product discovery, Price, Delivery, Size/Fit, Product appearance"
4a73c52e-f322-4064-a072-1076e464470d,awesome 👍,Indirect,positive,"Purchased, Wishlisted/Saved, Compared products","Product appearance, Reviews/ratings, Availability, Product discovery, Trust, Delivery, Recommendations, Return/Exchange, Price, Product comparison"
d32759c4-4ee8-4576-8b67-760b9afe9062,Good shopping app,Indirect,positive,"Wishlisted/Saved, Purchased, Compared products","Product discovery, Delivery, Product comparison, Price"
a87087d8-4fa2-4868-9c5a-a1603981ebdd,mynta is a very trusted app for buying clothes.it's very easy to use. keep shopping and shine by order on mynta. thanks,Direct,positive,"Purchased, Wishlisted/Saved, Compared products, Considered but didn't buy, Waiting","Trust, Product appearance, Discount waiting, Size/Fit, Availability, Delivery, Price, Recommendations"
ff029db3-d337-43f1-aeb7-8e494471df5c,this app is so good and also affordable with good quality,Direct,positive,"Purchased, Compared products, Wishlisted/Saved, Waiting, Considered but didn't buy","Price, Product comparison, Availability, Reviews/ratings, Product discovery, Delivery, Product appearance, Recommendations, Size/Fit, Discount waiting, Trust, Return/Exchange, Quality uncertainty"
0cfd1497-a42e-4563-90e3-1eb7d9e36c9a,"Worst service, worst customer care support. I wanted to enquire about quality issue of a product received and they never cared to give me a proper response. They even rejected to post a negative review and only posted my review after censoring. Such a pathetic platform. They don't even deserve 1 star. (may be my frustration)",Indirect,negative,"Purchased, Compared products, Waiting, Wishlisted/Saved","Quality uncertainty, Reviews/ratings, Return/Exchange, Price, Choice overload, Discount waiting, Size/Fit, Delivery, Availability, Product comparison, Product appearance, Product discovery, Recommendations, Trust"
30b02dea-d924-4ada-af22-91623b856963,awesome,Indirect,positive,"Purchased, Wishlisted/Saved, Compared products, Considered but didn't buy","Availability, Product appearance, Reviews/ratings, Price, Product discovery, Trust, Delivery, Recommendations"
afa36b00-c194-4737-bc32-3d726b810ff9,Myntra is perfect,Direct,positive,"Purchased, Compared products, Wishlisted/Saved","Product appearance, Product discovery, Size/Fit, Product comparison, Reviews/ratings, Availability, Price"
277d8672-544a-4621-a422-f0a9039f7e53,well experience with this app♥️ Everything is reasonable 👍🏻,Direct,positive,"Purchased, Wishlisted/Saved, Compared products, Waiting","Delivery, Price, Recommendations, Reviews/ratings, Product discovery, Availability, Size/Fit, Product comparison, Trust, Return/Exchange, Product appearance"
8ef21944-2896-4abe-a5b8-555ccbd16ed2,"Excellent in terms of variety, diversity and choice; all at reasonable prices with various offers ! You just have to pick what suits your taste and budget ! Always or majorly, a smooth, and happy experience with minor shipping and delivery hiccups, here and there ! Keep going ! Good wishes Thank you",Indirect,positive,"Compared products, Purchased, Wishlisted/Saved","Price, Product discovery, Recommendations, Discount waiting, Delivery, Availability, Reviews/ratings, Product comparison, Product appearance, Choice overload, Trust"
68138bee-32be-40cc-b059-0994c2d2da00,very good,Indirect,positive,"Purchased, Compared products, Wishlisted/Saved","Reviews/ratings, Price, Product appearance, Availability, Delivery, Size/Fit, Recommendations"
ec94adcd-41b8-4667-8368-e9378674a5cc,never get a wrong product from this !!,Direct,negative,"Compared products, Purchased, Wishlisted/Saved","Product comparison, Availability, Trust, Product discovery, Product appearance"
af46fb08-ea9b-4202-950a-800b1c87131a,pakka,Indirect,neutral,Purchased,
4830170d-8865-4f6f-a362-8aa6c95a161e,"​""Ordered this suit as a gift for my mother, and she absolutely loved it! The fabric is soft, breathable, and comfortable for all-day wear. The fitting and color are exactly as shown in the pictures. Totally worth the price!""",Direct,positive,"Purchased, Compared products, Wishlisted/Saved, Waiting","Reviews/ratings, Price, Availability, Recommendations, Product discovery, Size/Fit, Delivery, Product appearance, Product comparison, Return/Exchange, Discount waiting, Trust"
b9fd8d25-e63e-4a5e-958c-7680cae31acf,best shopping app especially for branded clothes,Direct,positive,"Purchased, Wishlisted/Saved, Compared products","Recommendations, Price, Size/Fit"
0ed61e9d-7ff7-4dc1-98c1-2233c2c3a57b,"very good app, facility is good and service return is very good",Direct,positive,"Purchased, Compared products, Wishlisted/Saved, Considered but didn't buy","Delivery, Reviews/ratings, Return/Exchange, Product appearance, Product comparison, Recommendations, Price, Product discovery, Availability, Size/Fit, Trust"
70876731-9f36-46bc-92c8-044e2255f422,myntra was best,Indirect,positive,"Purchased, Compared products",Product comparison
a9d94b94-8c66-4440-a0d1-4531cd9c1cd9,Excellent Shopping Experience Good Offers 👍,Direct,positive,"Wishlisted/Saved, Compared products, Purchased, Considered but didn't buy","Choice overload, Reviews/ratings, Product discovery, Size/Fit, Product comparison, Availability, Price, Recommendations, Product appearance, Delivery"
f02c5ff3-f747-4487-8423-71b4a9095166,very nice product,Direct,positive,"Purchased, Compared products, Considered but didn't buy, Wishlisted/Saved","Product appearance, Reviews/ratings, Price, Delivery, Availability, Size/Fit, Product comparison, Trust, Product discovery"
1efff99f-266c-4b54-b5db-37460e739228,bahut achha platform hai,Indirect,neutral,"Purchased, Considered but didn't buy","Delivery, Reviews/ratings"
814f59c0-006e-4495-8091-d2579505e75e,okay,Indirect,neutral,"Purchased, Considered but didn't buy, Waiting","Availability, Product appearance, Quality uncertainty, Trust, Return/Exchange"
d0978098-6329-4c4e-b360-cd87c79bbc16,reliable,Indirect,neutral,"Purchased, Compared products","Availability, Trust, Delivery, Price, Size/Fit, Product appearance, Recommendations, Reviews/ratings"
07ac3910-e61a-4acc-9234-8e2d32d60944,👍,Indirect,positive,"Purchased, Considered but didn't buy",
9d421540-f4e8-461f-9959-c569500af5e9,Good Platform for Originals with discount,Direct,positive,"Purchased, Wishlisted/Saved","Availability, Price, Product discovery, Discount waiting, Product appearance"
da8ea557-c768-4787-b8da-506337ce1f39,evry product is sooo good nd affordable with good quality......it's first time I order nd product is so good....nd service is also good fast delivery.....my border nd sister always buy from Myntra I thought I can't afford but it's budget friendly nd good....thank uu,Indirect,positive,"Purchased, Compared products, Wishlisted/Saved","Reviews/ratings, Delivery, Recommendations, Product discovery, Price, Availability, Product appearance, Product comparison, Size/Fit, Discount waiting, Trust, Quality uncertainty"
37b58ac2-463e-4f48-8733-1b425935c680,"Absolutely love Myntra! Great collection, smooth app experience, amazing deals, and fast delivery. Shopping has never been easier!",Indirect,positive,"Purchased, Compared products, Wishlisted/Saved, Considered but didn't buy, Waiting","Reviews/ratings, Delivery, Product appearance, Product discovery, Recommendations, Discount waiting, Price, Product comparison, Size/Fit, Availability, Trust, Return/Exchange, Choice overload, Quality uncertainty"
e31cf4ec-ca59-4d4f-ae00-12ab5221e5fd,experience good,Indirect,positive,"Purchased, Wishlisted/Saved, Compared products","Reviews/ratings, Availability"
449d7d7c-0359-42fa-83e6-ffee048b895f,good product s they can delever,Indirect,positive,"Compared products, Purchased, Considered but didn't buy","Availability, Delivery, Product comparison, Recommendations, Size/Fit, Reviews/ratings"
2ad6fe04-d257-49e5-afd9-cffada51417a,amazing 😍,Indirect,positive,"Purchased, Wishlisted/Saved, Compared products","Availability, Product appearance, Reviews/ratings, Choice overload, Price, Trust"
0a2250f8-eae2-400a-8b10-2bd76035d651,outstanding app available only genuine products.,Direct,positive,"Compared products, Purchased, Wishlisted/Saved","Availability, Product discovery, Product comparison, Delivery, Size/Fit, Trust, Price, Product appearance, Recommendations, Reviews/ratings, Return/Exchange"
170101fe-7e37-4c1c-8520-ac00e8d17f90,👍 nice,Indirect,positive,"Purchased, Wishlisted/Saved, Considered but didn't buy","Reviews/ratings, Product appearance"
50c63b9f-4a28-42bb-af0d-3c98f28334fd,good,Indirect,positive,"Purchased, Compared products, Wishlisted/Saved, Considered but didn't buy","Availability, Reviews/ratings, Product appearance, Recommendations, Size/Fit, Quality uncertainty, Trust, Price"
b7c12874-6e70-4460-a913-1d624367cf0f,"Such a dramatic downfall of Myntra. Cheap, Chinese-market products at sky-high prices, even the model photos are AI-generated—making it impossible to judge the fit, fall or fabric. Ordered 10 dresses and returned every single one. Honestly, it’s time to uninstall Myntra—Savana is much better!",Indirect,negative,"Considered but didn't buy, Purchased, Compared products","Return/Exchange, Quality uncertainty, Product appearance, Choice overload, Reviews/ratings, Size/Fit, Product discovery, Price, Availability, Recommendations, Product comparison"
510a4048-7f68-4fd6-a46c-75f7c00a09fa,Very Easy User Interface,Direct,positive,Purchased,
d835dfa8-8d67-4663-8c9d-ae094209dfd3,nice 💯,Indirect,positive,"Purchased, Wishlisted/Saved, Considered but didn't buy","Reviews/ratings, Product appearance, Trust"
5af01a83-6edb-4036-8d48-97f17758e596,good 👍,Indirect,positive,"Purchased, Wishlisted/Saved, Compared products","Reviews/ratings, Availability, Trust, Product appearance"
7afd0b0d-85ab-446b-bf67-8456f65b90a5,Best quality and best offers love it,Direct,positive,"Purchased, Compared products, Wishlisted/Saved","Choice overload, Availability, Reviews/ratings, Product discovery, Product comparison, Price, Delivery, Recommendations, Size/Fit, Product appearance, Return/Exchange, Trust"
4e42d467-f2a8-4730-8baf-f4f0a5d33fd0,awesome 💯 I love myntra,Indirect,positive,"Purchased, Wishlisted/Saved, Compared products","Reviews/ratings, Product appearance, Product discovery, Product comparison"
a0318d07-20ed-485d-a470-6e4844d35fb4,good,Indirect,positive,"Purchased, Compared products, Wishlisted/Saved, Considered but didn't buy","Availability, Reviews/ratings, Product appearance, Recommendations, Size/Fit, Quality uncertainty, Trust, Price"
3d94f806-e876-4554-bf36-59a79ee50fd7,"yese chutiyalandi company maine kahin nhi dekha, sethji ko paise kamana ho toh bhik mange, ya apne ghar wale ko bhade pe lagaye, hamara Paisa kiyon kaat ke le rahe ho ,",Indirect,neutral,"Considered but didn't buy, Purchased, Compared products, Wishlisted/Saved, Waiting","Product comparison, Product appearance, Delivery, Return/Exchange, Reviews/ratings"
6412c3c9-93f4-46d5-ae50-fb590559e8aa,Evening thing is better and use full all are good but delivery and package are not good because recently I ordered Puma shoes and i received my order but my shoes box is not good 👍,Indirect,negative,"Purchased, Compared products, Wishlisted/Saved","Delivery, Product comparison, Reviews/ratings, Recommendations, Product appearance, Quality uncertainty, Availability, Size/Fit, Choice overload, Price, Product discovery"
9438af4d-db45-42e3-a2c4-388f5aff250f,👍👍,Indirect,positive,"Purchased, Compared products, Considered but didn't buy, Wishlisted/Saved","Availability, Product appearance, Reviews/ratings, Return/Exchange, Recommendations"
224af4e7-9d86-47f8-a2c9-bfce5c65bf72,good,Indirect,positive,"Purchased, Compared products, Wishlisted/Saved, Considered but didn't buy","Availability, Reviews/ratings, Product appearance, Recommendations, Size/Fit, Quality uncertainty, Trust, Price"
9c1d85fb-5c8a-47e5-bb3a-5d2475d234d5,its a trusted and original site,Direct,positive,Compared products,"Trust, Availability"
93d43970-e4bb-482a-804f-eeac1099a017,its good,Indirect,positive,"Purchased, Compared products, Wishlisted/Saved","Reviews/ratings, Availability, Product appearance, Price, Recommendations, Size/Fit, Trust, Delivery, Return/Exchange"
812d17cf-0579-4a61-9080-d077b103bbbf,I like shopping here. Myntra gives great deal at a decent price. The only reason I'm giving you 4 star because you stopped giving me mycash coupons🫠🫠.. other wise you're the best.,Indirect,positive,"Purchased, Compared products","Reviews/ratings, Price"
aef7d984-cd46-4601-b435-faa476245250,good,Indirect,positive,"Purchased, Compared products, Wishlisted/Saved, Considered but didn't buy","Availability, Reviews/ratings, Product appearance, Recommendations, Size/Fit, Quality uncertainty, Trust, Price"
8cde6c3c-2628-4fda-82b0-e31ce0d0ddfa,nice experience,Indirect,positive,"Purchased, Wishlisted/Saved, Compared products","Reviews/ratings, Availability, Delivery, Trust, Product appearance, Price, Return/Exchange"
7c734c47-57c6-4adf-9e40-a02d0ca47585,I realy like this app because I need south Indian lehnga and mytra always give me fastest diliver order I am happy using this app. love you myntra,Indirect,positive,"Purchased, Wishlisted/Saved",
936cf71b-5a7f-4eea-b10c-1c75fe5152ee,nice,Indirect,positive,"Purchased, Considered but didn't buy, Wishlisted/Saved, Compared products","Product appearance, Reviews/ratings"
8ab46216-c645-4b16-83ef-5bb1e080ceb5,good,Indirect,positive,"Purchased, Compared products, Wishlisted/Saved, Considered but didn't buy","Availability, Reviews/ratings, Product appearance, Recommendations, Size/Fit, Quality uncertainty, Trust, Price"
536cbd22-83c4-49f3-b73a-18332935fbd7,The shopping on this app is so smooth,Direct,positive,"Purchased, Compared products, Wishlisted/Saved","Product discovery, Product appearance, Delivery, Price, Product comparison, Discount waiting, Size/Fit, Availability, Recommendations"
2cb20ac2-3870-4f34-873a-8682ad649ffd,always good service when I raise return item same time I got refund,Direct,positive,Purchased,"Return/Exchange, Availability, Price"
f782e89f-87c4-48e7-a96a-9eb59c550335,very good very nice 👌,Indirect,positive,"Purchased, Compared products, Wishlisted/Saved","Reviews/ratings, Product appearance, Price, Delivery, Recommendations, Availability, Size/Fit, Product comparison"
482878ee-fb6b-4706-8c1e-ab1937490a7e,"recently had worst experience with Myntra. For two consecutive orders they delivered wrong size. I ordered 4 UCB tshirt size S, however they delivered all M size, I returned it and thought mistake could happen sometimes. I then ordered two new UCB tshirt size S, again they delivered size M, this time I was really very frustrated. I was shopping for my travel, and now the exchange date is after my travel date.",Indirect,negative,"Purchased, Compared products","Reviews/ratings, Size/Fit, Return/Exchange, Delivery, Quality uncertainty, Product appearance, Choice overload, Availability, Discount waiting"
6c1b4fd3-7318-40fb-bc8b-4382219f09fe,good,Indirect,positive,"Purchased, Compared products, Wishlisted/Saved, Considered but didn't buy","Availability, Reviews/ratings, Product appearance, Recommendations, Size/Fit, Quality uncertainty, Trust, Price"
c0c8974e-6365-494d-816b-ac479b715b69,"outstanding overall service, trusted and loyal.",Direct,positive,"Compared products, Purchased, Wishlisted/Saved, Waiting","Trust, Availability, Price, Delivery, Reviews/ratings, Recommendations, Size/Fit, Product appearance, Return/Exchange"
af30e08a-5c36-408f-95d8-0dca1ec14561,good 😊,Indirect,positive,"Purchased, Wishlisted/Saved","Reviews/ratings, Availability"
b3ec63aa-0974-4cb9-843e-bca243104ab5,"very bad,iska saman bahut mahenga hai or mesho shopsy se dubble rate hai ,isse badhiya mesho shopsy hai",Indirect,negative,,"Reviews/ratings, Product appearance"
1b3b8203-9a81-45d3-aad9-4e024db436f5,having good experience with myntra. Good online shopping platform which provides High quality products in affordable price. I recommend myntra for their services and quality.,Direct,positive,"Purchased, Compared products, Wishlisted/Saved, Waiting","Price, Recommendations, Reviews/ratings, Delivery, Product discovery, Product comparison, Product appearance, Availability, Discount waiting, Trust, Size/Fit, Return/Exchange, Quality uncertainty, Choice overload"
3a166b04-9c6d-4b0d-add7-5da95f3339db,good 💯,Indirect,positive,"Purchased, Wishlisted/Saved, Compared products","Reviews/ratings, Availability, Trust, Recommendations, Product appearance"
d6efb5bc-30aa-48b1-b554-41efbd5842b3,better than other app,Direct,positive,"Purchased, Compared products, Wishlisted/Saved","Product comparison, Product appearance, Availability"
dcc5db72-e27e-478f-aaaf-a5a7d0ce93d1,it's a good product,Direct,positive,"Compared products, Purchased, Considered but didn't buy, Wishlisted/Saved, Waiting","Reviews/ratings, Delivery, Availability, Product appearance, Product comparison, Size/Fit, Product discovery, Price, Return/Exchange, Trust, Recommendations, Discount waiting"
1f0bc0d7-e6ef-4083-a3e4-1f05221faf33,jut like wow so beautiful ❤️,Direct,positive,"Purchased, Compared products, Considered but didn't buy","Product appearance, Reviews/ratings, Choice overload, Price"
c9eadc01-ce87-47d3-acdd-4018bceccb79,great app,Indirect,positive,Purchased,"Product discovery, Delivery, Reviews/ratings"
41971a62-7fe1-435f-b404-8b8a978cb1a7,good app,Indirect,positive,"Purchased, Wishlisted/Saved","Delivery, Product discovery, Reviews/ratings, Recommendations"
43469049-6580-4395-a36a-f680b3d2b358,very nice,Indirect,positive,"Purchased, Wishlisted/Saved, Compared products, Considered but didn't buy","Product appearance, Reviews/ratings, Price, Availability"
cc4d101b-e585-46bb-a83a-cf2578d39a49,"--- *Myntra is not just a shopping app, it's a fashion destination. ❤️* What I love about Myntra: *1. Huge Collection:* From top international brands to Indian labels, everything is in one place. Whether it's casual, ethnic, formal, or gym wear - you find it all. *2. Quality & Authenticity:* Every product is 100% original. The quality is always top-notch. *3. Amazing Offers:* Sales, discounts, and Myntra Points make shopping super affordable.",Direct,positive,"Purchased, Compared products, Wishlisted/Saved, Considered but didn't buy, Waiting","Discount waiting, Product discovery, Choice overload, Availability, Trust, Price, Quality uncertainty, Reviews/ratings, Delivery, Product appearance, Product comparison, Return/Exchange, Recommendations, Size/Fit"
342d996b-54dd-43b1-8d7b-ff4a02320379,bakwass aap hai mut use karo...return lene koy ata nahi aur refund bhi nahi milega ..west of time app location..froud app hai play store please delete Thair licence. don't buy anythings...,Indirect,negative,"Considered but didn't buy, Purchased",
edf3ba6b-b568-4465-b040-841ff06ac79e,super,Direct,positive,"Purchased, Compared products, Wishlisted/Saved","Availability, Product appearance, Size/Fit"
cefc68de-2795-49bf-925b-61b5800ddb65,The overall experience is unsatisfactory. Very poor customer service support team. Their representatives are always busy and the chat support ends abruptly always.,Indirect,negative,"Purchased, Compared products, Waiting, Considered but didn't buy, Wishlisted/Saved","Choice overload, Reviews/ratings, Price, Availability, Discount waiting, Product appearance, Return/Exchange, Quality uncertainty, Size/Fit, Delivery, Recommendations, Trust, Product comparison, Product discovery"
702755c4-52f7-4d35-a571-e97d77772112,"worst service,After accepting the order myntra cancelled the order on the exact day of delivery, for which i waited the whole day.",Indirect,negative,Purchased,
2c4ef32d-ae42-4185-8bbc-a4d7531f459e,excellent,Indirect,positive,"Purchased, Compared products, Wishlisted/Saved","Reviews/ratings, Product appearance, Availability, Price, Size/Fit, Delivery, Recommendations, Trust, Return/Exchange"
41cf729e-23b9-47bb-a0dc-5a0f64d4e5e3,myntra is the best online website for shopping. I'm using this App from years..,Direct,positive,Purchased,
f32bbd45-557d-4833-a0a0-7e83375b08af,verry good,Indirect,positive,"Purchased, Compared products, Wishlisted/Saved","Reviews/ratings, Product appearance, Availability, Size/Fit, Price, Trust, Recommendations"
2c9269ab-f669-4d3d-a971-222dc29c2db3,please make some discount available for users,Indirect,neutral,Waiting,"Availability, Price"
ccecdeaa-7fd6-4c90-8fdb-55f38634ceb1,nice product 👍,Indirect,positive,"Purchased, Compared products, Wishlisted/Saved, Considered but didn't buy","Reviews/ratings, Product appearance, Delivery, Availability, Product comparison, Price, Size/Fit, Product discovery"
a114956f-33fb-4c8c-ab4a-42b6285d2bbf,good,Indirect,positive,"Purchased, Compared products, Wishlisted/Saved, Considered but didn't buy","Availability, Reviews/ratings, Product appearance, Recommendations, Size/Fit, Quality uncertainty, Trust, Price"
af389020-14b0-4e7d-965a-0916fbbe2d12,very good shopping experience,Direct,positive,"Purchased, Wishlisted/Saved, Compared products","Reviews/ratings, Size/Fit, Price, Product comparison, Delivery, Product appearance, Availability, Return/Exchange, Product discovery, Recommendations, Discount waiting"
214b4ce0-400c-4c05-9661-810231970227,Geniune product and return or exchange are easily,Direct,positive,"Purchased, Compared products, Considered but didn't buy","Return/Exchange, Availability, Product appearance, Product comparison, Price"
26491044-c12a-43fe-b823-1bb9e5eddcd8,"""Myntra is my absolute go-to app for fashion and lifestyle shopping! The user interface is very smooth, search filters are highly accurate, and the sizing guides are mostly perfect. Delivery is usually on time, and refunds are processed swiftly. Highly recommended!""",Indirect,positive,"Purchased, Compared products, Wishlisted/Saved, Waiting, Considered but didn't buy","Reviews/ratings, Product appearance, Recommendations, Size/Fit, Delivery, Return/Exchange, Discount waiting, Availability, Price, Product comparison, Product discovery, Trust, Quality uncertainty"
ef48174a-40ef-4cd5-8b70-52241f7f1778,very good,Indirect,positive,"Purchased, Compared products, Wishlisted/Saved","Reviews/ratings, Price, Product appearance, Availability, Delivery, Size/Fit, Recommendations"
73f947eb-d795-480f-a693-78d597597324,good,Indirect,positive,"Purchased, Compared products, Wishlisted/Saved, Considered but didn't buy","Availability, Reviews/ratings, Product appearance, Recommendations, Size/Fit, Quality uncertainty, Trust, Price"
5cd2f479-21d7-4579-8f5a-eadb30f47bd4,love this app.. purchase product with less money ❤️😋,Indirect,positive,"Purchased, Wishlisted/Saved, Compared products","Product comparison, Product discovery, Discount waiting, Recommendations, Price, Delivery, Size/Fit, Availability, Reviews/ratings, Product appearance, Trust, Return/Exchange"
4f67e5fd-d320-42a1-aa89-9365330e2902,good,Indirect,positive,"Purchased, Compared products, Wishlisted/Saved, Considered but didn't buy","Availability, Reviews/ratings, Product appearance, Recommendations, Size/Fit, Quality uncertainty, Trust, Price"
9901179c-b06d-4206-8bd9-819a1ffc0be8,worst app for online shopping no proper response deliveries being cancelled for no reasons repeatedly cannot raise complaint no proper response to the complaint raised,Indirect,negative,,"Delivery, Product comparison, Price, Quality uncertainty"
503a603d-553a-402b-a4f9-b6f18ac6cfd4,fabulous,Indirect,positive,"Purchased, Compared products, Wishlisted/Saved, Considered but didn't buy","Product appearance, Reviews/ratings, Size/Fit, Availability, Price, Delivery, Quality uncertainty, Recommendations, Product comparison, Product discovery, Return/Exchange"
827d65fd-26ef-44ca-9ae7-14e6e4857219,nice product,Indirect,positive,"Purchased, Compared products, Considered but didn't buy, Wishlisted/Saved","Product appearance, Reviews/ratings, Delivery, Price, Availability, Size/Fit, Product comparison, Product discovery"
ddb1d5c0-204a-4df1-a5c4-d16c9ad5ca71,excellent collection,Indirect,positive,"Compared products, Purchased","Choice overload, Reviews/ratings"
5b14e0fa-1f6c-49ce-975f-3d57b287458e,best app ... never disappoints,Direct,positive,"Compared products, Purchased, Wishlisted/Saved","Reviews/ratings, Delivery, Product comparison, Size/Fit, Price, Recommendations, Product discovery, Availability, Trust, Product appearance"
3cd8c5af-f1b5-4085-99c4-d5d3161eca5d,Amazed by this app!,Indirect,negative,Wishlisted/Saved,"Product discovery, Recommendations, Reviews/ratings, Size/Fit, Delivery"
8d46ac9f-c37f-4b2b-beb1-e3b62dc10f7b,worst delivery service 💦💦 no support just ai,Indirect,negative,,Delivery
f3e534fd-3787-4f1c-bc19-57b2e00e2e45,A good store for all things,Indirect,positive,"Compared products, Purchased, Wishlisted/Saved","Availability, Reviews/ratings, Trust, Price"
6bfa279c-f562-4e01-9476-01a039231c46,"I love u mintra.. great deals on all products, daily cash rewards, also got big cashback after shopping. love it thank very much..",Indirect,positive,"Compared products, Purchased, Wishlisted/Saved","Product appearance, Product discovery, Price, Discount waiting, Recommendations, Product comparison, Choice overload, Reviews/ratings, Size/Fit, Availability, Delivery, Return/Exchange"
4ae24002-5b6d-44e1-8fb6-67a70aeddefa,all products are of good quality in myntra,Direct,positive,"Purchased, Compared products","Product comparison, Reviews/ratings, Availability, Delivery"
c4464d6b-9b9f-4e69-a9bc-1503dea17f18,quality products,Indirect,positive,"Compared products, Purchased, Considered but didn't buy, Wishlisted/Saved","Product comparison, Delivery, Availability, Reviews/ratings, Size/Fit"
e2f15358-94d8-4390-bbc8-8909c34c884f,good 👍🏻,Indirect,positive,"Purchased, Wishlisted/Saved, Compared products","Reviews/ratings, Product appearance, Availability, Trust, Recommendations"
03296f70-dee6-4b6e-a469-92f0e85fa8ef,Not available coupons only when new account login please fix this Myntra,Indirect,negative,,
88e4c3c6-aa5a-45f7-ad23-4fb309946ce1,very good app,Indirect,positive,"Purchased, Wishlisted/Saved, Considered but didn't buy","Reviews/ratings, Delivery, Product discovery, Recommendations, Price, Availability"
7c854520-b7e9-452a-8e91-11613b3c64ae,best,Indirect,positive,"Purchased, Wishlisted/Saved, Compared products, Considered but didn't buy","Availability, Recommendations, Reviews/ratings, Price, Product appearance"
639842c7-298f-4e86-8811-1a290b78920b,nice,Indirect,positive,"Purchased, Considered but didn't buy, Wishlisted/Saved, Compared products","Product appearance, Reviews/ratings"
2351b3b5-3b41-4de0-b3bd-7b414f9151e9,Good,Indirect,positive,"Purchased, Compared products, Wishlisted/Saved","Reviews/ratings, Availability, Size/Fit, Product appearance, Recommendations, Trust, Return/Exchange"
9150d8dd-638a-455b-a54f-ae4ef0ffb783,awesome fits in myntra ❤️‍🔥,Indirect,positive,"Purchased, Wishlisted/Saved, Compared products, Considered but didn't buy","Product appearance, Size/Fit, Reviews/ratings, Product comparison, Product discovery, Price, Availability, Trust"
0c1f1c96-3517-494e-959e-603fe890f36f,very good experience 👍🏻 thanks Myntra perfect shopping app,Indirect,positive,"Purchased, Wishlisted/Saved, Compared products","Reviews/ratings, Product discovery, Product comparison, Product appearance, Size/Fit, Recommendations"
5b531e18-abcd-4e6d-8657-80782b48b6c2,this is cheating app they are not responding for their customers and really feel bad of ur service fraud,Indirect,negative,,Delivery
7b579801-33d4-4acb-88cf-bd8fead8786c,It's far better than other shopping apps bcz I tried almost all the famous shopping apps that delivered different item from the shown image but this can't happened with myntraa,Indirect,positive,Purchased,"Product appearance, Product comparison"
d6f42e45-6ea0-450b-941e-726365c7616d,very very good products in mytra app,Indirect,positive,"Wishlisted/Saved, Considered but didn't buy, Compared products, Purchased","Product comparison, Product discovery, Reviews/ratings, Delivery, Price, Recommendations, Size/Fit, Availability"
da478dfc-165a-4c7d-9b32-9dc05a833175,nice,Indirect,positive,"Purchased, Considered but didn't buy, Wishlisted/Saved, Compared products","Product appearance, Reviews/ratings"
09d412d7-5e62-4809-b888-77b1148bf3e4,worst app as there is no proper reply from customer care support. if we place an order it will get delayed without any proper reason. if we return the item they will take more than one or two months to pick up that item. sometimes they will send used products. I know that my comments and reviews will be removed. but still I can say their customer care support services are too bad..,Indirect,negative,"Waiting, Purchased, Considered but didn't buy","Quality uncertainty, Discount waiting, Size/Fit, Availability, Return/Exchange, Delivery, Price, Reviews/ratings"
155fd6d7-17e2-4066-8c2a-9b6564b2ad48,best to buy good products,Direct,positive,"Compared products, Purchased, Wishlisted/Saved","Recommendations, Product comparison, Product discovery, Product appearance, Price, Availability, Size/Fit, Delivery, Reviews/ratings, Quality uncertainty"
e311a794-f73d-4831-b68d-01eb408e260f,They are cancelling the order more than twice and saying that ( Unfortunately we have to cancel this order due to unforeseen circumstances ) ......,Indirect,negative,,"Quality uncertainty, Choice overload, Delivery, Price"
2b1082d2-2211-491f-ad2a-53651aa9e1a6,very nice,Indirect,positive,"Purchased, Wishlisted/Saved, Compared products, Considered but didn't buy","Product appearance, Reviews/ratings, Price, Availability"
bcfce140-d673-4a90-b94e-0fb12b99e700,super qulity iteam. this itam good clour and good clath and good,Direct,positive,"Purchased, Compared products, Considered but didn't buy, Wishlisted/Saved","Product appearance, Reviews/ratings, Product comparison, Availability, Return/Exchange, Recommendations, Delivery, Price, Size/Fit"
4f2f4942-4275-44cf-a70b-fe9473f53465,it's really good place for shopping. I love this plateform because this is very trusted and quality.also give me 1st priority of customer.,Direct,positive,"Purchased, Compared products, Wishlisted/Saved","Trust, Reviews/ratings, Price, Product appearance, Delivery, Product comparison, Availability"
7412a1e8-e7cc-41ba-a0d2-6c591d4fd9fc,These people are absolute scamsters. They never deliver products on the promised date—either the order gets cancelled or it keeps getting delayed. Don’t trust this app or its fake delivery promises. I’ve never had such a terrible experience with any other online shopping platform. Either improve your service or shut down your operations. Stop misleading and fooling customers.,Indirect,negative,"Purchased, Considered but didn't buy, Wishlisted/Saved, Compared products, Waiting","Quality uncertainty, Delivery, Size/Fit, Product appearance, Trust, Choice overload, Price, Recommendations, Availability, Discount waiting, Return/Exchange, Product discovery, Reviews/ratings, Product comparison"
36c381cd-f61c-4795-9a05-fe17b536afbe,good,Indirect,positive,"Purchased, Compared products, Wishlisted/Saved, Considered but didn't buy","Availability, Reviews/ratings, Product appearance, Recommendations, Size/Fit, Quality uncertainty, Trust, Price"
28f415a0-7981-4c6a-8cdf-50779e9a4168,good,Indirect,positive,"Purchased, Compared products, Wishlisted/Saved, Considered but didn't buy","Availability, Reviews/ratings, Product appearance, Recommendations, Size/Fit, Quality uncertainty, Trust, Price"
f660162d-e648-4e6e-a662-faf9542ebd1f,good,Indirect,positive,"Purchased, Compared products, Wishlisted/Saved, Considered but didn't buy","Availability, Reviews/ratings, Product appearance, Recommendations, Size/Fit, Quality uncertainty, Trust, Price"
7f95ca71-1c77-4b4c-a564-9f9b45549245,Best user interface,Direct,positive,Purchased,Product appearance
186a4305-e331-4f36-aa41-d76a421a6501,nice,Indirect,positive,"Purchased, Considered but didn't buy, Wishlisted/Saved, Compared products","Product appearance, Reviews/ratings"
9e10e40f-ba47-4e71-9fa2-c1c47f526f21,osm,Indirect,neutral,Purchased,
6d3cf00e-ba8f-426a-aa9a-876ec3c338cd,this is an very good app,Direct,positive,"Purchased, Compared products, Considered but didn't buy, Wishlisted/Saved","Delivery, Product discovery, Recommendations, Product comparison, Availability, Size/Fit, Reviews/ratings, Price"
2117b978-0b84-4038-9fce-16e0a1aa8c32,good 👍,Indirect,positive,"Purchased, Wishlisted/Saved, Compared products","Reviews/ratings, Availability, Trust, Product appearance"
8ef5291e-042a-479c-9d25-c7d03957467c,overall good 👍 👌,Indirect,positive,"Purchased, Compared products, Wishlisted/Saved","Reviews/ratings, Product appearance, Availability, Price, Recommendations, Delivery, Size/Fit, Product comparison, Trust, Return/Exchange"
34eca251-5c3a-4f40-a60b-360a67f0163e,it's very interesting,Indirect,positive,"Purchased, Considered but didn't buy, Compared products","Product discovery, Product appearance, Reviews/ratings, Availability, Price, Quality uncertainty"
942b3cbf-f487-4371-b1d3-d0a1a8caf786,good,Indirect,positive,"Purchased, Compared products, Wishlisted/Saved, Considered but didn't buy","Availability, Reviews/ratings, Product appearance, Recommendations, Size/Fit, Quality uncertainty, Trust, Price"
7f5bc6cc-7bd4-4757-b4e9-2a9eb04b028b,thank you Myntra,Indirect,positive,"Purchased, Wishlisted/Saved, Compared products","Product appearance, Price, Reviews/ratings, Delivery"
517a93af-aa2a-4b75-87fd-cdbde8c0ab5a,"very affordable,and many offers for users are there",Direct,positive,"Compared products, Purchased, Wishlisted/Saved, Considered but didn't buy","Price, Choice overload, Product appearance, Availability, Product discovery, Recommendations, Delivery, Discount waiting, Product comparison, Size/Fit, Reviews/ratings"
95bfd2a6-d83b-4a6c-90b3-5bcbe3d61f16,super quality products,Direct,positive,"Compared products, Purchased, Wishlisted/Saved, Considered but didn't buy","Product comparison, Availability, Delivery, Reviews/ratings, Size/Fit"
7967da83-36b0-4a8b-a929-d50101f47816,good,Indirect,positive,"Purchased, Compared products, Wishlisted/Saved, Considered but didn't buy","Availability, Reviews/ratings, Product appearance, Recommendations, Size/Fit, Quality uncertainty, Trust, Price"
21a1274b-3d5b-422d-af0b-297b4dc03365,I'm satisfied with this shopping app. I ordered a highlander and I received the highlander that I desire,Direct,positive,"Purchased, Compared products, Wishlisted/Saved","Delivery, Availability, Product appearance, Product discovery, Product comparison, Price, Recommendations, Size/Fit, Return/Exchange, Reviews/ratings"
ed024629-b3b0-4fb4-a38a-534d227757c9,delivery should be in between 11am-1pm it should not be late,Direct,neutral,"Purchased, Wishlisted/Saved, Compared products, Waiting","Recommendations, Delivery, Availability, Product appearance, Price, Size/Fit, Quality uncertainty, Trust, Discount waiting"
b88891cb-cc3d-48bd-81a8-9b164c32ae6e,Reliable and easy to use.. service is best.. easy to return and exchange...,Direct,positive,"Purchased, Compared products, Wishlisted/Saved, Considered but didn't buy","Recommendations, Return/Exchange, Availability, Delivery, Trust, Price, Product comparison, Product appearance, Reviews/ratings, Size/Fit, Discount waiting, Product discovery"
894a2777-0f10-4307-8ca3-681c9e446451,is a very happy pk,Indirect,positive,"Purchased, Wishlisted/Saved","Product appearance, Price, Availability"
11dc35d4-4093-4678-b2e2-fec36ee92c90,nyc app perfectly working,Direct,positive,,"Availability, Delivery, Price, Trust, Recommendations, Reviews/ratings, Product discovery"
971f6281-dd18-4d45-ad87-b0a4e54c9b21,best app shoping,Indirect,positive,"Purchased, Wishlisted/Saved, Compared products","Product comparison, Product discovery, Recommendations, Price"
35dd5f8a-eb66-4728-ba8f-50e3c497b883,Best app for fashion,Direct,positive,"Purchased, Wishlisted/Saved, Compared products","Size/Fit, Recommendations, Product comparison"
e26276fb-2cf8-4c6b-afef-44b086fe2748,amazing app really fabulous 😍😍😍😍😍 products 💓💓💓💓💓 you can buy from here .,Direct,positive,"Purchased, Compared products","Product discovery, Choice overload, Product comparison, Recommendations, Delivery, Trust"
726f1d9b-7690-4170-9cc0-17dda4302d5f,sab proudest original milte ha,Direct,neutral,Compared products,Product appearance
caacf491-4535-44cb-899b-eca1ec78a8c7,material and fitting is good 👍 good for it,Direct,positive,"Purchased, Compared products, Wishlisted/Saved, Considered but didn't buy","Size/Fit, Product appearance, Product comparison, Delivery, Reviews/ratings, Availability, Recommendations, Price, Return/Exchange, Product discovery, Trust"
aa507ffd-5f4b-4cc0-8415-5dad4c9f346f,best app with latest collection,Direct,positive,"Purchased, Compared products","Product comparison, Product discovery, Availability, Product appearance, Reviews/ratings, Price, Recommendations, Size/Fit"
db22bab5-874b-450d-a00b-f8d4af51bba3,very good experience💓,Direct,positive,"Purchased, Wishlisted/Saved, Compared products","Reviews/ratings, Availability, Delivery, Return/Exchange, Recommendations, Trust"
5a308457-0ab7-4eb8-99da-67a342f2d327,The product is great a,Direct,positive,"Purchased, Compared products, Considered but didn't buy, Wishlisted/Saved, Waiting","Size/Fit, Reviews/ratings, Product appearance, Product comparison, Delivery, Availability, Product discovery, Price, Return/Exchange, Recommendations, Trust, Discount waiting"
356de0e5-0057-4f12-a359-692bfdf3895d,quality is best 👍💯... go for it guys,Direct,positive,"Purchased, Compared products, Wishlisted/Saved","Product comparison, Price, Reviews/ratings"
4e5aefb0-1bab-473c-8605-a476d30c6999,good and trusted products,Indirect,positive,"Compared products, Purchased, Wishlisted/Saved, Considered but didn't buy","Trust, Product comparison, Availability, Delivery, Reviews/ratings, Recommendations, Product appearance, Size/Fit, Price"
4bd75707-1619-4a71-893e-b629dd3f20b6,good,Indirect,positive,"Purchased, Compared products, Wishlisted/Saved, Considered but didn't buy","Availability, Reviews/ratings, Product appearance, Recommendations, Size/Fit, Quality uncertainty, Trust, Price"
04498e2b-66af-4f76-971f-2ff822d7be03,great,Indirect,positive,"Purchased, Compared products, Wishlisted/Saved","Availability, Reviews/ratings, Product appearance"
228f2010-90df-4287-94d8-8cb7d4d618a2,good shoes,Indirect,positive,"Purchased, Compared products, Wishlisted/Saved, Considered but didn't buy","Size/Fit, Product appearance"
1483a78b-4bce-4c7a-90e5-b7b20a05fd8c,good prodect,Direct,positive,"Purchased, Compared products","Delivery, Price, Product appearance, Recommendations, Product discovery, Reviews/ratings"
e960c71a-782a-4edf-82bb-0bdedbf2b083,Good app for fashion related shopping,Direct,positive,"Wishlisted/Saved, Purchased, Compared products","Size/Fit, Price, Delivery"
e077b1e2-64b5-4546-9c2e-5af0bc6cd4f3,bahut achcha app hai,Indirect,neutral,"Purchased, Considered but didn't buy","Product appearance, Product discovery"
0de8a87a-957a-4799-abfd-178e701bd7cb,All good but I'll give 4 star coz I don't like to pay the platform fee,Indirect,positive,"Considered but didn't buy, Purchased, Compared products","Reviews/ratings, Price"
75d5d6ca-f748-4617-9155-17c875cfd9fe,love it,Indirect,positive,"Purchased, Wishlisted/Saved, Compared products","Reviews/ratings, Product appearance, Availability, Price, Size/Fit, Trust, Recommendations, Return/Exchange, Product discovery"
83cbd760-2d24-4f38-8eb8-ed3e7f3c6b69,super,Direct,positive,"Purchased, Compared products, Wishlisted/Saved","Availability, Product appearance, Size/Fit"
d3875821-8916-45a6-bcc4-8e2ec39b538c,"fraud I received a wrong product from Myntra. I raised a return request and even uploaded the images, but no action has been taken yet. It’s very disappointing to face such issues I am highly disappointed with my recent order. I received a duplicate/fake branded product instead of an original one. I trusted Myntra for genuine products, but this experience has caused me inconvenience and loss. fraud fraud Very disappointing experience with Myntra. fraud scammer",Indirect,negative,"Purchased, Waiting, Compared products, Wishlisted/Saved, Considered but didn't buy","Quality uncertainty, Trust, Product appearance, Price, Return/Exchange, Discount waiting, Size/Fit, Availability, Delivery, Choice overload, Recommendations, Reviews/ratings, Product comparison, Product discovery"
66e33c96-f6c5-4812-a8da-3a5891d926cb,good,Indirect,positive,"Purchased, Compared products, Wishlisted/Saved, Considered but didn't buy","Availability, Reviews/ratings, Product appearance, Recommendations, Size/Fit, Quality uncertainty, Trust, Price"
7ab3d24f-a4b0-4624-af8d-e08b68f7a7d2,best quality clothes and variety available at best prices,Direct,positive,"Wishlisted/Saved, Compared products, Purchased","Availability, Product appearance, Size/Fit, Product comparison, Choice overload, Recommendations, Product discovery, Price, Discount waiting, Delivery"
17ff4b44-c288-40e8-befe-2f675a21663f,good,Indirect,positive,"Purchased, Compared products, Wishlisted/Saved, Considered but didn't buy","Availability, Reviews/ratings, Product appearance, Recommendations, Size/Fit, Quality uncertainty, Trust, Price"
e1db286b-ef3d-4726-bd30-726dcff640cc,siuuu,Indirect,neutral,Purchased,
28e13651-d095-4e34-a4e9-7cf505a051e0,loved the discount they provide on big brands,Direct,positive,"Purchased, Wishlisted/Saved, Compared products","Price, Discount waiting, Product appearance, Product comparison"
ce768b79-c4ad-4d60-8309-06ae0ff4559a,amazing,Indirect,positive,"Purchased, Compared products, Wishlisted/Saved","Availability, Reviews/ratings, Product appearance, Price, Recommendations, Trust, Size/Fit"
dfb539ac-a84d-41f9-8be8-d24f8cb8b7ed,good,Indirect,positive,"Purchased, Compared products, Wishlisted/Saved, Considered but didn't buy","Availability, Reviews/ratings, Product appearance, Recommendations, Size/Fit, Quality uncertainty, Trust, Price"
13771874-60d7-4eb2-a7de-7fee3fe0704f,nice,Indirect,positive,"Purchased, Considered but didn't buy, Wishlisted/Saved, Compared products","Product appearance, Reviews/ratings"
9799e279-d462-4e86-a933-54fbeaf29afb,Better than best,Direct,positive,"Purchased, Compared products, Wishlisted/Saved","Product comparison, Product appearance, Price, Availability, Reviews/ratings, Delivery"
a1daf73f-6582-49c3-8c14-0c8cdf3b186d,this is too good app and this helpful and to trusted app,Direct,positive,"Purchased, Wishlisted/Saved, Compared products","Trust, Product comparison, Product discovery, Recommendations, Delivery, Reviews/ratings, Availability, Price, Size/Fit, Choice overload, Return/Exchange, Product appearance"
daa353a7-e7bd-4f5e-a8ef-6248b0cdbaa1,good,Indirect,positive,"Purchased, Compared products, Wishlisted/Saved, Considered but didn't buy","Availability, Reviews/ratings, Product appearance, Recommendations, Size/Fit, Quality uncertainty, Trust, Price"
24ed5255-5b2f-40d0-90a7-93b2ecd79f08,"Myntra service day by day getting worst. Delivery service is very bad even after charging bogus platform fee. Its so ridiculous, this company eating commission from seller and customer as well by charging platform fee. This issue should be raised in appropriate platforms. Review date 21.08.2026.......... Mytra's service is terrible again. Orders are getting canceled without permission.",Indirect,negative,"Purchased, Compared products, Waiting, Considered but didn't buy, Wishlisted/Saved","Delivery, Reviews/ratings, Choice overload, Recommendations, Discount waiting, Product appearance, Quality uncertainty, Price, Product comparison, Size/Fit, Return/Exchange, Availability, Product discovery, Trust"
21736afb-dbf5-492a-8cbd-315878b80b04,great app...wow,Indirect,positive,"Purchased, Wishlisted/Saved, Compared products","Product discovery, Delivery, Reviews/ratings, Recommendations, Availability, Size/Fit, Trust, Price, Product comparison"
5604b9bb-2f8d-40cc-93a6-0b2516efcd4d,amezing,Indirect,neutral,Purchased,
4da91300-565d-406a-883d-ff07e4e3c91c,good,Indirect,positive,"Purchased, Compared products, Wishlisted/Saved, Considered but didn't buy","Availability, Reviews/ratings, Product appearance, Recommendations, Size/Fit, Quality uncertainty, Trust, Price"
6ab6f8c8-19da-4f1a-98d1-c8400a0383bb,good,Indirect,positive,"Purchased, Compared products, Wishlisted/Saved, Considered but didn't buy","Availability, Reviews/ratings, Product appearance, Recommendations, Size/Fit, Quality uncertainty, Trust, Price"
a387fb58-39ad-4439-b4f2-648c35f6c02d,excellent,Indirect,positive,"Purchased, Compared products, Wishlisted/Saved","Reviews/ratings, Product appearance, Availability, Price, Size/Fit, Delivery, Recommendations, Trust, Return/Exchange"
60ba1a18-fae5-4bd3-aa42-be1787c88317,great,Indirect,positive,"Purchased, Compared products, Wishlisted/Saved","Availability, Reviews/ratings, Product appearance"
2683033f-1f4b-45ff-b7f4-9f5db996022b,My experience says any product bought from Myntra has unique quality regardless of its price.,Indirect,positive,"Purchased, Compared products","Price, Product comparison, Availability, Size/Fit, Product discovery, Product appearance, Trust, Reviews/ratings, Recommendations"
828d6db4-c221-4fa9-a985-ed18ae830008,Amazing face powder . after using this product face looking glory and shiny.Thanks a lot myntra for this product.,Direct,positive,"Purchased, Compared products, Wishlisted/Saved","Product appearance, Reviews/ratings, Product discovery, Choice overload, Availability"
2a968e7d-b334-4e2f-ae89-267a39d66077,great app,Indirect,positive,Purchased,"Product discovery, Delivery, Reviews/ratings"
0f0faba4-a4db-4378-8369-9dfc81856586,nice 👍,Indirect,positive,"Purchased, Wishlisted/Saved","Product appearance, Reviews/ratings, Trust"
51ffaa50-af3d-484d-a931-4be9124f0fc4,best experience best service,Direct,positive,"Wishlisted/Saved, Purchased, Compared products","Recommendations, Availability, Delivery, Reviews/ratings, Choice overload"
394335ba-f156-4074-a824-efff9dee5e24,very good,Indirect,positive,"Purchased, Compared products, Wishlisted/Saved","Reviews/ratings, Price, Product appearance, Availability, Delivery, Size/Fit, Recommendations"
bbc94c05-a92f-4384-a4ed-d7a2e2c54f16,it's a very good app for online shopping. you can trust on this. overall satisfied.,Direct,positive,"Purchased, Compared products, Wishlisted/Saved, Considered but didn't buy","Delivery, Product discovery, Product comparison, Trust, Price, Reviews/ratings, Recommendations, Discount waiting, Availability, Size/Fit, Product appearance, Return/Exchange"
ba920b2b-57d8-43d8-b33a-1cd68b732628,always orders are delayed... very bad delivery service...,Indirect,negative,"Waiting, Compared products, Purchased","Delivery, Discount waiting, Price, Quality uncertainty, Size/Fit, Availability"
a5ea08c1-6e5c-4ecb-bcf9-8e9b0e3e11fd,good experience,Indirect,positive,"Purchased, Wishlisted/Saved, Compared products","Availability, Reviews/ratings, Delivery, Trust, Return/Exchange, Price"
a8a1239c-5f18-46ed-be56-9dee6c80ed87,best,Indirect,positive,"Purchased, Wishlisted/Saved, Compared products, Considered but didn't buy","Availability, Recommendations, Reviews/ratings, Price, Product appearance"
396c62d2-17cc-4f42-968f-11888128ff4d,it was soooooo good,Indirect,positive,"Wishlisted/Saved, Purchased, Considered but didn't buy, Compared products","Reviews/ratings, Choice overload, Product appearance, Availability, Price"
dc1adec3-af04-46f5-a9ad-e9fc35406bd4,Nice,Indirect,positive,"Purchased, Wishlisted/Saved, Compared products, Considered but didn't buy","Product appearance, Reviews/ratings, Size/Fit, Availability, Price"
d6d69666-e830-41f3-b403-fb1c805d570e,verryy nice,Indirect,positive,"Purchased, Wishlisted/Saved, Compared products, Considered but didn't buy","Reviews/ratings, Product appearance, Size/Fit, Availability, Trust, Price, Recommendations"
29c710fa-758b-463c-9eba-b34337f040d4,good,Indirect,positive,"Purchased, Compared products, Wishlisted/Saved, Considered but didn't buy","Availability, Reviews/ratings, Product appearance, Recommendations, Size/Fit, Quality uncertainty, Trust, Price"
d25b0e74-1a49-41c1-8b56-032e2df3ff81,🥰very Good myntra shopping app🥰,Direct,positive,Purchased,Product comparison
89855899-24bb-4e57-bcd6-cad7ebf47dbb,best shopping app,Direct,positive,"Purchased, Wishlisted/Saved, Compared products","Product discovery, Delivery, Price, Product comparison, Recommendations"
ba3f3f8e-8a44-4fd4-9c24-6c1c91a252d9,super,Direct,positive,"Purchased, Compared products, Wishlisted/Saved","Availability, Product appearance, Size/Fit"
bcacc4e4-bcd4-4f69-8a23-5b954ee8490c,nice,Indirect,positive,"Purchased, Considered but didn't buy, Wishlisted/Saved, Compared products","Product appearance, Reviews/ratings"
3989d1ad-e014-44af-9fbb-ff774b46c307,good,Indirect,positive,"Purchased, Compared products, Wishlisted/Saved, Considered but didn't buy","Availability, Reviews/ratings, Product appearance, Recommendations, Size/Fit, Quality uncertainty, Trust, Price"
28c9379b-83e1-4d2a-b5c2-cfff71be6f01,very good products,Indirect,positive,"Compared products, Purchased, Considered but didn't buy, Wishlisted/Saved","Product comparison, Reviews/ratings, Delivery, Availability, Size/Fit, Price"
ce997b28-8c2f-41d6-af12-38b89b89ab09,very good,Indirect,positive,"Purchased, Compared products, Wishlisted/Saved","Reviews/ratings, Price, Product appearance, Availability, Delivery, Size/Fit, Recommendations"
47ee85c1-2d41-400d-b32c-c40bc3e4f14d,"Dot & Key is a wonderful skincare brand that offers a variety of products designed to make skincare simple, effective, and enjoyable. I recently tried a Dot & Key product and had a really positive experience with it. The product has a pleasant texture, feels comfortable on the skin, and is easy to use as part of a daily skincare routine. One of the things I liked most is that it feels lightweight and does not leave an uncomfortable or heavy feeling after application. I loved this product .🥰🤩😍",Direct,positive,"Purchased, Compared products, Wishlisted/Saved, Waiting, Considered but didn't buy","Product discovery, Recommendations, Reviews/ratings, Product appearance, Trust, Availability, Price, Return/Exchange, Size/Fit, Product comparison, Delivery, Quality uncertainty, Discount waiting, Choice overload"
b148387b-7220-4593-86a1-8a7b60b0b67c,myntra is good,Indirect,positive,"Purchased, Considered but didn't buy, Compared products","Reviews/ratings, Product appearance"
b4aecb28-7168-429d-abf3-97fa162c6033,good,Indirect,positive,"Purchased, Compared products, Wishlisted/Saved, Considered but didn't buy","Availability, Reviews/ratings, Product appearance, Recommendations, Size/Fit, Quality uncertainty, Trust, Price"
778c89b0-3cfc-4a33-8e23-7a4d7f8dcdce,very good shopping app,Direct,positive,"Wishlisted/Saved, Purchased, Compared products, Considered but didn't buy","Price, Product discovery, Product comparison, Delivery, Size/Fit"
7707a336-0378-422a-a4d2-6768bb8230ff,vere nise,Indirect,neutral,"Purchased, Considered but didn't buy",Quality uncertainty
e1b02571-509b-4d03-a676-ad7e49fc6c70,I ordered few items from Myntra but I am extremely happy with the products that I bought. i ordered it and got delivered on time Good products.. Amazing quality,Indirect,positive,"Purchased, Compared products, Wishlisted/Saved","Availability, Delivery, Reviews/ratings, Recommendations, Product discovery, Product appearance, Size/Fit, Price, Trust, Product comparison"
904e2739-4ca5-42b2-b4fc-bde1cc4ea644,Nice Product Highly Recommend.,Direct,positive,"Wishlisted/Saved, Compared products, Purchased, Waiting","Reviews/ratings, Recommendations, Delivery, Availability, Size/Fit, Product discovery, Product appearance, Trust, Product comparison, Price, Return/Exchange, Discount waiting"
fcad30a0-4f32-4e71-95a1-7220d1f412dc,all the product of Myantra is really good 👍.,Direct,positive,"Compared products, Purchased, Wishlisted/Saved","Reviews/ratings, Product comparison, Product appearance, Availability, Product discovery, Price"
6a89a458-bb32-4c20-8552-1eebe84d1520,grab good,Indirect,positive,Purchased,
12798314-9186-4d03-8300-067712f4a910,nice product 😄,Indirect,positive,"Purchased, Considered but didn't buy, Compared products, Wishlisted/Saved","Product appearance, Reviews/ratings, Delivery, Product comparison, Price, Availability"
e1657996-3026-45a4-a3d7-4efb2e083392,veryyy bad service. They don't provide the tracking option and they are always unable to reach us. I ordered something and after I don't recive my order I wanted to contact agent but there are no option of typing also. and I try to reach the agent because I want my order at the scheduled date but they don't solve the problem.,Indirect,negative,"Purchased, Compared products, Waiting, Wishlisted/Saved","Quality uncertainty, Return/Exchange, Delivery, Reviews/ratings, Price, Availability, Discount waiting, Product appearance, Choice overload, Size/Fit, Recommendations, Trust"
15615360-26f0-4723-82f7-6c99352b1ba9,Decent,Indirect,positive,"Purchased, Compared products, Considered but didn't buy, Waiting","Product appearance, Reviews/ratings, Price, Size/Fit, Recommendations, Delivery, Availability, Return/Exchange, Quality uncertainty, Product comparison, Product discovery"
b3946968-382e-44a4-8f1d-65b2bf656526,super,Direct,positive,"Purchased, Compared products, Wishlisted/Saved","Availability, Product appearance, Size/Fit"
7ae9fa14-6978-460c-9348-b65457069a8c,just wow! quality products myntra provides must go for it and don't hesitate to believe...you must believe on it blindly,Direct,positive,"Compared products, Purchased, Wishlisted/Saved","Choice overload, Product appearance, Product discovery, Availability, Trust, Price, Product comparison, Reviews/ratings, Delivery, Recommendations, Size/Fit"
3b2386fc-fbef-46a4-9702-00dcaffb8159,i like it,Indirect,positive,"Purchased, Wishlisted/Saved, Compared products, Waiting, Considered but didn't buy","Product appearance, Reviews/ratings, Size/Fit, Availability, Return/Exchange, Price, Quality uncertainty, Trust, Recommendations, Delivery, Product discovery, Product comparison"
6f7095a2-2f4e-4066-9fa5-ddaa34c21f10,good 😊,Indirect,positive,"Purchased, Wishlisted/Saved","Reviews/ratings, Availability"
6f3bdc91-e4be-417b-8c02-077cf01dba77,best shopping app,Direct,positive,"Purchased, Wishlisted/Saved, Compared products","Product discovery, Delivery, Price, Product comparison, Recommendations"
cc22bf0f-7982-48dc-b958-f4d7e39fd7d0,good,Indirect,positive,"Purchased, Compared products, Wishlisted/Saved, Considered but didn't buy","Availability, Reviews/ratings, Product appearance, Recommendations, Size/Fit, Quality uncertainty, Trust, Price"
bf0d66ed-beca-417a-abcc-e914669a6add,Nice,Indirect,positive,"Purchased, Wishlisted/Saved, Compared products, Considered but didn't buy","Product appearance, Reviews/ratings, Size/Fit, Availability, Price"
40c66fb6-874d-42c6-8042-8895f5bf1d5b,1. delayed delivery three times in a week 2. customer care never have solution 3. they always keep customer on hold in the name of transferring call to seniors 4.seniors are never available to talk 5. they never have solution take money and delayed order.. 6. no etiquettes of customer care 7. poorand Third class service,Indirect,negative,"Waiting, Purchased, Considered but didn't buy, Compared products, Wishlisted/Saved","Delivery, Reviews/ratings, Choice overload, Quality uncertainty, Price, Recommendations, Availability, Product appearance, Return/Exchange, Discount waiting, Size/Fit, Product comparison"
d1cdb84d-43fb-4829-abf1-687c03aebfcd,best app,Indirect,positive,"Purchased, Wishlisted/Saved, Compared products","Product comparison, Recommendations, Delivery, Product discovery, Reviews/ratings, Price, Availability"
1d30d6f4-bd78-491f-999c-e30dae527e4c,good experience,Indirect,positive,"Purchased, Wishlisted/Saved, Compared products","Availability, Reviews/ratings, Delivery, Trust, Return/Exchange, Price"
4bf31c6a-9bb0-4218-bc5b-d5026a7e2f56,all over good experience and good quality of clothes,Direct,positive,"Purchased, Compared products, Wishlisted/Saved, Considered but didn't buy","Choice overload, Product comparison, Availability, Size/Fit, Product appearance, Reviews/ratings, Price"
57f8adca-22b7-44ed-8246-1b4e8ae7caac,alert 🚨 (Fraud) no support no integrity I order sleepers from Myntra in khaki color but I received gray color i placed for return but they put my order onhold and after investigation they said you are wrong .,Indirect,negative,"Waiting, Compared products, Purchased","Product appearance, Return/Exchange, Discount waiting"
08b3694e-40d9-4407-9fd1-c1934aec1e08,best shopping app ever I used,Direct,positive,"Purchased, Wishlisted/Saved, Compared products","Product discovery, Delivery, Price, Product comparison, Size/Fit, Reviews/ratings, Recommendations, Product appearance"
6c51574d-b0db-422e-bff6-4e1a579710ba,good👍,Indirect,positive,"Purchased, Wishlisted/Saved, Compared products","Reviews/ratings, Availability, Trust, Product appearance, Size/Fit, Return/Exchange, Recommendations"
9e4f1762-67de-42a9-beb6-76424006e695,"Ordered a yellow dress but received a pink one.Even with the invoice, tags, and photo proof and after my multiple efforts, Myntra refused my return claiming they delivered the correct product. Customer support is painfully slow, and every reply takes around 24 hours. Their customer support is almost impossible to reach—calls don't connect, and chat is just automated with no real help.I wasted 3 days of my time behind this. Very disappointing and irresponsible service😕",Indirect,negative,"Purchased, Compared products, Wishlisted/Saved, Considered but didn't buy, Waiting","Quality uncertainty, Product appearance, Return/Exchange, Product comparison, Reviews/ratings, Availability, Choice overload, Discount waiting, Size/Fit, Product discovery, Price, Recommendations, Delivery, Trust"
80fbbde0-27db-4f3d-822f-fd2b731b727b,fantastic,Indirect,positive,"Purchased, Compared products, Wishlisted/Saved, Considered but didn't buy","Reviews/ratings, Product appearance, Availability, Price, Delivery, Size/Fit, Recommendations, Return/Exchange, Trust, Product discovery"
9bd50d44-342e-43b6-8583-6edba301289c,"⭐⭐⭐⭐⭐ Myntra is one of my favorite shopping apps! The collection is amazing, the app is easy to use, and the overall shopping experience is smooth and convenient. Great choice for fashion and lifestyle shopping! 🛍️✨",Indirect,positive,"Purchased, Compared products, Considered but didn't buy, Wishlisted/Saved, Waiting","Reviews/ratings, Product appearance, Recommendations, Discount waiting, Availability, Choice overload, Size/Fit, Return/Exchange, Trust, Delivery, Product comparison, Product discovery, Quality uncertainty, Price"
9e101bc6-1d3e-4b40-a74d-e3186375aa31,"very professional, best quality products , fast delivery thanks myntra for best services",Direct,positive,"Purchased, Compared products, Wishlisted/Saved","Delivery, Recommendations, Reviews/ratings, Trust, Product appearance, Availability, Product discovery, Price, Discount waiting, Product comparison, Size/Fit"
62941a19-5ea1-4506-9f9b-9d357479c4bc,worst customer care experience,Indirect,negative,Waiting,"Price, Discount waiting"
c711bbc7-fb76-4fd5-af8e-44a2623f6c31,I am so happy 😊 very very good app 👏 😊,Indirect,positive,"Purchased, Wishlisted/Saved, Compared products","Delivery, Recommendations, Price, Product discovery, Size/Fit, Trust, Product comparison, Availability, Reviews/ratings"
3c579e66-e419-4f3a-bd42-4db3c3f8ed2a,Boht hi bekar app h return ke nam pr kch ni hota isme jb kroge to 100 bahane bnaenge Boht bekar app h koi bhi install mt Krna,Indirect,neutral,"Purchased, Compared products","Return/Exchange, Product appearance, Availability, Product comparison"
6c9c2b50-79e6-48b8-8bda-beaa80111900,good,Indirect,positive,"Purchased, Compared products, Wishlisted/Saved, Considered but didn't buy","Availability, Reviews/ratings, Product appearance, Recommendations, Size/Fit, Quality uncertainty, Trust, Price"
b195c275-2429-4717-bd5c-a079c53e70d3,it's really a amezing app go for it guys,Indirect,positive,Purchased,
3c25ab99-8e6c-4ede-b22d-9b19fef7c6f8,good and genuine app,Direct,positive,"Purchased, Wishlisted/Saved, Compared products","Delivery, Product discovery, Availability, Trust, Price, Reviews/ratings, Recommendations"
209d8ad0-4ef7-42a9-961f-e50bc6baf852,super quality clothes..,Direct,positive,"Purchased, Compared products, Wishlisted/Saved","Product appearance, Size/Fit, Product comparison, Availability, Price, Choice overload"
1b7ae601-76e9-46fe-a1e0-8f4a2d8f32c7,nyc app easy to handle and every product is genuine and branded cloth,Direct,positive,"Purchased, Compared products","Product discovery, Price, Delivery, Trust, Product appearance, Product comparison, Availability, Recommendations, Size/Fit"
719c33d6-90f2-4f7f-9b8a-79a2b6ae967d,nyc experience,Indirect,neutral,Purchased,"Delivery, Reviews/ratings, Price"
fa36e49f-f853-4220-bdcd-2facd5a07a5a,"This is a really great online shopping app. The quality of the clothes is superb, and you can find stylish clothing at very affordable prices. I would definitely give it a 5 out of 5 rating. Highly recommended!",Direct,positive,"Purchased, Compared products, Wishlisted/Saved, Waiting","Reviews/ratings, Recommendations, Product appearance, Delivery, Availability, Price, Size/Fit, Product comparison, Discount waiting, Trust, Quality uncertainty, Product discovery, Return/Exchange, Choice overload"
2ea4542f-a61c-4d98-aa4e-a01652587014,v.good.always satisfied,Direct,positive,"Purchased, Compared products, Wishlisted/Saved","Availability, Reviews/ratings, Delivery, Size/Fit, Return/Exchange, Price, Product appearance, Recommendations, Product comparison"
5c882d3e-077d-4216-9482-5314a9f102f3,Excellent app for shopping 🛍️,Direct,positive,"Purchased, Wishlisted/Saved, Compared products","Delivery, Product discovery, Product comparison, Price, Size/Fit, Recommendations"
f385c54e-10fc-4233-b7c4-972df514a194,good,Indirect,positive,"Purchased, Compared products, Wishlisted/Saved, Considered but didn't buy","Availability, Reviews/ratings, Product appearance, Recommendations, Size/Fit, Quality uncertainty, Trust, Price"
cf6cd0ed-e698-49bf-9d55-f9383e593dc4,nice and good app,Indirect,positive,"Purchased, Wishlisted/Saved, Considered but didn't buy","Reviews/ratings, Delivery, Product discovery, Recommendations"
ad8d3977-d7ed-4668-b381-1a8b833999ef,one of the best online store apps,Direct,positive,"Purchased, Compared products, Wishlisted/Saved","Product discovery, Price, Delivery, Product comparison, Reviews/ratings, Recommendations, Size/Fit, Product appearance, Trust"
7de3cf22-d2f7-4de5-8653-58bb74f2ef00,best online shopping app,Indirect,positive,"Purchased, Wishlisted/Saved, Compared products","Product discovery, Price, Recommendations, Delivery, Product comparison"
6bb3c938-3f89-46ae-b712-a0c19d258635,good,Indirect,positive,"Purchased, Compared products, Wishlisted/Saved, Considered but didn't buy","Availability, Reviews/ratings, Product appearance, Recommendations, Size/Fit, Quality uncertainty, Trust, Price"
2a8166d2-02ca-4f16-8c01-fe021aa62d3d,👍,Indirect,positive,"Purchased, Considered but didn't buy",
1cc50147-9c64-427d-81d0-44ff7ce25bd7,I like ur Myntraaa,Indirect,positive,"Purchased, Wishlisted/Saved, Compared products, Considered but didn't buy","Product appearance, Reviews/ratings, Price, Product comparison, Product discovery, Size/Fit"
57105597-3e4f-4fa5-a8d7-814440527270,The experience about this app is very good and reliable.Myntra offers a fast delivery service to get the product you ordered to you.,Direct,positive,"Purchased, Compared products, Wishlisted/Saved","Delivery, Availability, Reviews/ratings, Product appearance, Size/Fit, Product discovery, Price, Trust, Discount waiting, Product comparison, Recommendations"
4bf9926e-824f-4fcc-bb7d-d8ca4b81b103,best,Indirect,positive,"Purchased, Wishlisted/Saved, Compared products, Considered but didn't buy","Availability, Recommendations, Reviews/ratings, Price, Product appearance"
111095c9-f9bb-406c-82f1-6e927afb3a9c,im order from this platform myntra mochi Shoes i have received old used pair return pickup not still myntra chitting openly with when customer care sarvice call there tomorrow morning fixing evening 14 day's playing with customers fored doing with customers please don't know what happened but very poor quality staff chatting with customers please don't buy in this application myntra,Indirect,negative,"Purchased, Compared products, Considered but didn't buy, Waiting, Wishlisted/Saved","Quality uncertainty, Delivery, Product appearance, Return/Exchange, Price, Size/Fit, Recommendations, Choice overload, Reviews/ratings, Availability, Discount waiting, Product comparison, Product discovery, Trust"
a1182ebc-7e49-438d-bdf3-6abe8a0072b5,amazing app those the exact app iam searching,Direct,positive,,"Product discovery, Product comparison"
b26d74c1-35ce-4057-9ae6-75b06e33985e,Good app....,Indirect,positive,"Purchased, Wishlisted/Saved","Delivery, Product discovery, Reviews/ratings"
05e618c5-f05e-422a-b648-e83640df8b3e,good,Indirect,positive,"Purchased, Compared products, Wishlisted/Saved, Considered but didn't buy","Availability, Reviews/ratings, Product appearance, Recommendations, Size/Fit, Quality uncertainty, Trust, Price"
3df6ac18-972d-4976-9498-35332865dfed,order quality is better and order is delivered faster than other platforms,Direct,positive,"Purchased, Compared products, Wishlisted/Saved","Availability, Delivery, Product comparison, Size/Fit, Price, Recommendations, Product discovery"
8f799554-0233-47d7-b362-f78afe69a637,Best app for shopping,Direct,positive,"Purchased, Wishlisted/Saved, Compared products","Product discovery, Product comparison, Price, Delivery, Recommendations, Size/Fit, Product appearance"
e37fa0e9-0b3e-4964-8ddc-edf20ac894f5,such an affordable prices,Direct,positive,"Purchased, Compared products, Wishlisted/Saved","Price, Availability, Discount waiting, Delivery, Product appearance, Product comparison, Size/Fit, Recommendations"
51aca644-36cf-4534-9a12-f85ecd68d492,it's a good app for any product,Indirect,positive,Compared products,"Product discovery, Product comparison, Price, Delivery, Availability, Product appearance, Recommendations, Size/Fit"
ba62ebee-c822-4da5-8722-d368fd76c4fb,good,Indirect,positive,"Purchased, Compared products, Wishlisted/Saved, Considered but didn't buy","Availability, Reviews/ratings, Product appearance, Recommendations, Size/Fit, Quality uncertainty, Trust, Price"
b4de7629-b10e-4c2f-a9b2-ffacab9f5f8a,very bad experience...i install Mantra app but otp didn't support.and accepted... there is no customer care in india....I have mailed 7 days before but no response....... very very bad ....if you stuck in order buy or return parcal .... what will you do....so i will not install in my phone 🤳,Indirect,negative,"Compared products, Purchased, Waiting","Return/Exchange, Quality uncertainty, Reviews/ratings, Availability, Product comparison, Product discovery, Discount waiting, Recommendations, Delivery, Size/Fit, Product appearance"
1a16dc7b-8011-41a2-b19e-a452d8dbd5f2,osm,Indirect,neutral,Purchased,
d5e64137-7b9a-4f80-8798-a5cc553aa6fb,good,Indirect,positive,"Purchased, Compared products, Wishlisted/Saved, Considered but didn't buy","Availability, Reviews/ratings, Product appearance, Recommendations, Size/Fit, Quality uncertainty, Trust, Price"
dd4c3e0c-5b75-44b9-84f5-e8a389d0c133,worst experience....fraud delivery agent .... boycott myntra.,Indirect,negative,"Compared products, Considered but didn't buy","Delivery, Reviews/ratings"
deb23ecb-cfa5-4724-b03c-db47be889850,so myntra has replaced customer support team to an AI. Myntra are you scamming now? I haven't got refund when I checked my yono bank statement. you have refunded only for one product and you haven't for another item. it's not an human error its an AI error,Indirect,negative,"Purchased, Compared products","Price, Size/Fit, Return/Exchange, Product comparison, Quality uncertainty, Availability"
d39d25d5-7b99-4b78-8844-df210a36fd04,good product,Indirect,positive,"Purchased, Compared products, Considered but didn't buy, Wishlisted/Saved","Availability, Delivery, Reviews/ratings, Product appearance, Size/Fit, Product comparison, Price, Trust, Recommendations"
82afab2c-bbc0-4dbc-9f1f-fd7089b8b3bc,awesome and branded products is hair,Direct,positive,"Compared products, Purchased, Wishlisted/Saved","Choice overload, Product appearance, Product comparison"
eb2b3418-66c0-4760-a2f2-67a0e0d652f4,excellent,Indirect,positive,"Purchased, Compared products, Wishlisted/Saved","Reviews/ratings, Product appearance, Availability, Price, Size/Fit, Delivery, Recommendations, Trust, Return/Exchange"
3d970615-1dd3-4ddf-b6b8-85c036a48574,return exchange krne me inlogo ne itna presan kr diya mujhe ky bolu coustomer care se bt kro fir bhi koi solution nhi,Direct,neutral,"Compared products, Purchased","Return/Exchange, Product appearance, Delivery, Availability, Price"
6b6980f7-3748-4f80-8329-f2a7ff3592e5,amazing experience,Direct,positive,"Purchased, Wishlisted/Saved, Compared products","Availability, Reviews/ratings, Choice overload, Delivery, Trust, Price, Recommendations, Return/Exchange"
ce94d143-5693-43fa-8a31-9f4b4f83990e,👍👍👍,Indirect,positive,"Purchased, Compared products, Wishlisted/Saved","Reviews/ratings, Availability, Product appearance, Recommendations, Return/Exchange, Product comparison"
e291c77f-f71b-4513-bddb-572e6e8364dc,👍🏻,Indirect,positive,"Purchased, Wishlisted/Saved",Availability
27f795ed-05d4-419e-8a68-e610b6e39762,good,Indirect,positive,"Purchased, Compared products, Wishlisted/Saved, Considered but didn't buy","Availability, Reviews/ratings, Product appearance, Recommendations, Size/Fit, Quality uncertainty, Trust, Price"
68c64687-2abf-4bfa-ae92-aa903fe00945,fast delivery,Direct,positive,"Purchased, Compared products, Wishlisted/Saved","Delivery, Availability"
e5ceeb94-bf81-4510-b454-f40be7def388,"I am extremely disappointed with my recent shopping experience on Myntra. The product I received was of poor quality and appeared to be a used product rather than a new one. The most concerning issue was that the original brand tag was missing from the product at the time of delivery. The missing brand tag has now become a major hindrance in returning the product. My experience with Myntra customer care was very disappointing. Overall, this experience has seriously affected my trust in Myntra.",Indirect,negative,"Purchased, Considered but didn't buy, Wishlisted/Saved, Compared products, Waiting","Product appearance, Quality uncertainty, Trust, Return/Exchange, Reviews/ratings, Delivery, Availability, Price, Size/Fit, Product discovery, Product comparison, Recommendations, Choice overload, Discount waiting"
89aaab55-5b86-4c50-8b75-6c34b9c05494,"Really happy with this purchase. The product quality is good, the fit is comfortable, and it looks exactly like the pictures. Myntra is also a great and reliable platform with a smooth shopping experience. The product is worth the price. Definitely recommended",Direct,positive,"Purchased, Wishlisted/Saved, Compared products, Waiting","Reviews/ratings, Recommendations, Product appearance, Product discovery, Size/Fit, Delivery, Product comparison, Availability, Price, Trust, Discount waiting, Return/Exchange, Choice overload, Quality uncertainty"
851a0fba-1870-4280-aef5-0964fa75e437,Recd the product in good condition. Packaging was perfect. Loved the rakhi..it is same as shown in the image. Thanks.,Direct,positive,"Purchased, Wishlisted/Saved, Compared products","Product appearance, Return/Exchange, Reviews/ratings, Delivery, Recommendations, Product comparison, Availability, Product discovery"
74dc9621-8805-4a38-9780-fc109faca90d,good,Indirect,positive,"Purchased, Compared products, Wishlisted/Saved, Considered but didn't buy","Availability, Reviews/ratings, Product appearance, Recommendations, Size/Fit, Quality uncertainty, Trust, Price"
fb62d62e-10b3-4036-a3ce-4b91c2d31197,soft and awesome product at a reasonable price.,Indirect,positive,"Purchased, Wishlisted/Saved, Compared products, Considered but didn't buy, Waiting","Price, Delivery, Availability, Trust, Product appearance, Reviews/ratings, Product comparison, Recommendations, Product discovery, Size/Fit, Discount waiting, Return/Exchange"
ff7ee346-0f84-414c-a1f8-d773e3564772,awesome 👍😎,Indirect,positive,"Purchased, Compared products, Wishlisted/Saved","Product appearance, Reviews/ratings, Availability, Product discovery, Product comparison, Recommendations, Price, Delivery, Trust, Return/Exchange"
d1aca573-8385-41b9-9b79-8277d902180d,best online purchase experience,Direct,positive,"Wishlisted/Saved, Purchased, Compared products, Waiting","Recommendations, Price, Product comparison, Delivery, Reviews/ratings, Product discovery, Size/Fit, Availability, Product appearance, Discount waiting, Trust"
e85e442d-b06c-4c61-8d2c-03b9fd6a54aa,I purchased apple airpods which was upto the mark,Direct,neutral,"Purchased, Compared products, Wishlisted/Saved","Product appearance, Product discovery, Product comparison, Availability, Price, Size/Fit, Return/Exchange"
9a7e5b80-c413-4c42-992f-33b8cca0f27a,good,Indirect,positive,"Purchased, Compared products, Wishlisted/Saved, Considered but didn't buy","Availability, Reviews/ratings, Product appearance, Recommendations, Size/Fit, Quality uncertainty, Trust, Price"
ac2c73a3-5a10-4310-b616-0d8de3ba52dd,good 👍,Indirect,positive,"Purchased, Wishlisted/Saved, Compared products","Reviews/ratings, Availability, Trust, Product appearance"
d0825fae-bfdf-4183-b146-1f006ed85d66,very good,Indirect,positive,"Purchased, Compared products, Wishlisted/Saved","Reviews/ratings, Price, Product appearance, Availability, Delivery, Size/Fit, Recommendations"
c6cda3ea-9883-4139-98ca-904d3e9d7745,good 👍😊 very nice fast delivery,Direct,positive,"Purchased, Wishlisted/Saved, Compared products","Delivery, Reviews/ratings, Availability, Product appearance, Size/Fit"
dba260c5-3269-4219-82a7-577e12d91274,nice 👍,Indirect,positive,"Purchased, Wishlisted/Saved","Product appearance, Reviews/ratings, Trust"
d6f55590-92e3-4fe1-b45b-baf3b05b5433,valuable price and branded products are here.. please go for it,Direct,positive,"Compared products, Purchased, Wishlisted/Saved, Waiting","Price, Availability, Product discovery, Product comparison, Delivery, Discount waiting, Recommendations, Choice overload, Product appearance, Size/Fit, Trust"
0dc99196-cff8-4919-b5fc-36af2989b3d1,bad experience I orderd a smart watch but delevery agent not arrived and he told in WhatsApp I did not pick the call,Indirect,negative,"Purchased, Compared products, Waiting","Availability, Delivery, Quality uncertainty, Product appearance, Product discovery, Discount waiting, Reviews/ratings, Return/Exchange, Product comparison"
2c359e58-196c-4a61-8514-a1ccc248c2f7,Best,Direct,positive,"Purchased, Compared products, Wishlisted/Saved","Availability, Reviews/ratings, Recommendations, Product appearance, Product comparison, Price"
9ee5ea79-3add-44a7-add1-33d2e18be9eb,very good app for having good quality of clothes,Indirect,positive,"Purchased, Compared products, Wishlisted/Saved",
2cb3b09f-c9b5-46c5-9d58-7b50e3a01690,easy to use and quality of product is too good,Direct,positive,"Compared products, Purchased, Wishlisted/Saved, Considered but didn't buy","Choice overload, Delivery, Availability, Product comparison, Recommendations, Reviews/ratings, Size/Fit, Product appearance, Price, Return/Exchange, Trust, Product discovery"
e7127a57-b1a5-4864-b057-7af5128a8cbc,ek to time pr delivery nhi krte ho aur khud hi order cancel kr dete ho customer service se baat krne k liye request kro to call back bhi nahi krte aur to aur insaan to baat hi krte customer service me ek setting kr di h bas wahi ulta seedha bata deti hai 😡😡,Indirect,negative,"Purchased, Compared products","Delivery, Availability, Return/Exchange, Price"
ba2788e9-aaef-4ce1-9837-44a4ff18289a,Good portion,Indirect,positive,"Purchased, Wishlisted/Saved","Size/Fit, Reviews/ratings, Availability, Price"
1b138c6c-71e6-4da4-8d94-05426766cb7d,👍🏻,Indirect,positive,"Purchased, Wishlisted/Saved",Availability
9b9a1c3b-36aa-4478-a6bb-542eb4abde4c,superb site for affordable shopping....,Direct,positive,"Compared products, Wishlisted/Saved, Purchased","Delivery, Price, Size/Fit, Availability, Reviews/ratings, Product appearance, Product discovery, Product comparison, Discount waiting, Recommendations, Trust"
38fa6d6b-876f-443c-a23a-c98e61e872cf,nice,Indirect,positive,"Purchased, Considered but didn't buy, Wishlisted/Saved, Compared products","Product appearance, Reviews/ratings"
f95f7afa-2b21-4df4-8273-b48bc539cb09,really nice app for me ty Myntra,Direct,positive,"Purchased, Compared products, Wishlisted/Saved","Reviews/ratings, Product comparison, Product discovery, Product appearance"
5667737b-4482-4384-9185-cae79acad14d,one of the best things that I was fond of Myntra is its style exchange amazing experience hurhee,Indirect,positive,"Purchased, Compared products",Product appearance
862b4832-85fd-4e04-832f-841a571e788a,It was a nice experience!💕,Indirect,positive,"Purchased, Compared products, Wishlisted/Saved","Reviews/ratings, Delivery, Product appearance, Availability, Price, Trust, Size/Fit, Return/Exchange, Recommendations, Product discovery"
3cbea8f0-6846-42f1-8725-308c9ede14db,Thank You,Indirect,positive,"Purchased, Wishlisted/Saved",Availability
700e8c21-586c-4879-99f4-52f81f363edb,produced order kiya hai only,Direct,neutral,"Purchased, Compared products","Availability, Delivery, Price, Product appearance"
e1e83226-da24-4680-8db7-81dee7a0c15a,Best app,Direct,positive,"Purchased, Compared products, Wishlisted/Saved","Product comparison, Recommendations, Product discovery, Delivery, Reviews/ratings, Availability"
7c441b8a-dddb-4e05-aa5a-74ca6dbf710d,good,Indirect,positive,"Purchased, Compared products, Wishlisted/Saved, Considered but didn't buy","Availability, Reviews/ratings, Product appearance, Recommendations, Size/Fit, Quality uncertainty, Trust, Price"
d161c839-7c2c-41ef-b2b7-e8fac7b99a72,very affordable,Indirect,positive,"Purchased, Compared products, Wishlisted/Saved","Price, Availability, Discount waiting, Delivery, Product appearance, Recommendations"
8dc5a514-d7c9-45c2-8d63-327ccb12409c,very good,Indirect,positive,"Purchased, Compared products, Wishlisted/Saved","Reviews/ratings, Price, Product appearance, Availability, Delivery, Size/Fit, Recommendations"
b4c7d3e4-43ac-4aed-8d36-b20d7d30da17,"exploring wishlist, wishlisted , bookmark",Indirect,neutral,"Wishlisted/Saved, Considered but didn't buy, Compared products",
03675910-c3f9-46d6-b47e-0e6a551bcfcc,excellent service good price good product,Direct,positive,"Compared products, Purchased, Wishlisted/Saved, Considered but didn't buy","Reviews/ratings, Availability, Price, Product comparison, Recommendations, Delivery, Size/Fit, Product appearance, Discount waiting, Trust"
7ebe06f1-68cd-4263-be9a-8576b26dccca,good,Indirect,positive,"Purchased, Compared products, Wishlisted/Saved, Considered but didn't buy","Availability, Reviews/ratings, Product appearance, Recommendations, Size/Fit, Quality uncertainty, Trust, Price"
ee40e1a8-e0c0-4a5f-8eb9-d55b9c72d5d6,"very good app , I loved it very much",Indirect,positive,"Purchased, Wishlisted/Saved, Compared products, Waiting","Reviews/ratings, Recommendations, Size/Fit, Product discovery, Delivery, Price, Trust, Availability, Return/Exchange, Product comparison"
bd09a023-6d90-407c-947c-c78604b66e01,Good,Indirect,positive,"Purchased, Compared products, Wishlisted/Saved","Reviews/ratings, Availability, Size/Fit, Product appearance, Recommendations, Trust, Return/Exchange"
0a34f4ba-1d66-428c-b495-c891c569f090,good product फ़ास्ट डिलीवरी,Indirect,positive,"Purchased, Compared products","Reviews/ratings, Availability, Product comparison, Product appearance, Delivery"
d9229898-eda4-4e29-8745-900f878700f0,best shopping app,Direct,positive,"Purchased, Wishlisted/Saved, Compared products","Product discovery, Delivery, Price, Product comparison, Recommendations"
48c97d90-9e27-4927-8b71-96a0e29c4dab,nice,Indirect,positive,"Purchased, Considered but didn't buy, Wishlisted/Saved, Compared products","Product appearance, Reviews/ratings"
88ce4015-8843-4eb2-ae45-f83ba3f2aa92,very good app,Indirect,positive,"Purchased, Wishlisted/Saved, Considered but didn't buy","Reviews/ratings, Delivery, Product discovery, Recommendations, Price, Availability"
b1356e17-c15f-4f15-8953-7a7fa3770c5e,it was good shopping at myntra online. quality of the products and cloths are great..!!,Indirect,positive,"Purchased, Compared products, Wishlisted/Saved","Reviews/ratings, Recommendations, Price, Product appearance, Product discovery, Delivery, Product comparison, Availability, Size/Fit"
b7ed6dd5-20f2-44d2-b6b1-436d73bfcdb3,vry njce,Indirect,neutral,"Purchased, Considered but didn't buy","Product appearance, Reviews/ratings"
549ecda2-90a9-4cc3-8dd1-b821c8035da8,UI and the layout of this application is super user friendly,Indirect,positive,"Purchased, Compared products","Product appearance, Size/Fit, Recommendations, Reviews/ratings, Product discovery, Return/Exchange, Price, Trust, Product comparison, Availability"
2d6e5cd1-fb38-432a-8566-1ec1415459e6,good,Indirect,positive,"Purchased, Compared products, Wishlisted/Saved, Considered but didn't buy","Availability, Reviews/ratings, Product appearance, Recommendations, Size/Fit, Quality uncertainty, Trust, Price"
c03f977b-d9ff-4c06-9073-2d72d570f9e5,The worst delivery experience... The worst customer care service..... I ordered one eight shoes and received damaged product and they are saying that the only way around is return and there is no exchange or compensation.... Such worst experience.... Shameful,Indirect,negative,"Purchased, Compared products, Waiting, Wishlisted/Saved","Delivery, Return/Exchange, Size/Fit, Reviews/ratings, Price, Availability, Recommendations, Choice overload, Product appearance, Quality uncertainty, Discount waiting, Product discovery, Product comparison"
fcc9f5da-222b-46a2-8b99-511c19ae0b96,excellent 👌,Indirect,positive,"Purchased, Compared products, Wishlisted/Saved","Reviews/ratings, Product appearance, Availability, Size/Fit, Price, Return/Exchange, Trust, Delivery"
6dbf0f17-5f11-4522-8a88-bb982f100b3d,Good Shopping Apps,Indirect,positive,"Wishlisted/Saved, Purchased","Product discovery, Product comparison, Delivery"
d68d0811-eb4b-46c4-9093-79108a2a713c,super,Direct,positive,"Purchased, Compared products, Wishlisted/Saved","Availability, Product appearance, Size/Fit"
f7d713aa-9b42-4efe-a22d-dc4c6a26f0e3,nice app for all age group 👍,Direct,positive,Purchased,
4bd0dfd2-38b4-4d7d-bdc9-09c8f6493af3,happy customer 😍,Indirect,positive,"Purchased, Wishlisted/Saved, Compared products","Availability, Reviews/ratings, Delivery, Product appearance, Price, Size/Fit"
0e11be83-7a68-4446-8cb4-d011c8aaaaaf,it's good app for online shopping and the delivery time also short to other shopping apps,Direct,positive,"Purchased, Compared products, Considered but didn't buy","Delivery, Discount waiting, Price, Availability, Product appearance"
e83b2526-994c-489c-ad83-5c91fda7f4c8,This product is good,Direct,positive,"Compared products, Purchased, Wishlisted/Saved, Considered but didn't buy","Reviews/ratings, Size/Fit, Product comparison, Product appearance, Delivery, Availability, Return/Exchange, Product discovery, Price"
f08648cc-aa58-4b81-9f51-e232fadc0798,my myntra experience is superb,Direct,positive,"Purchased, Compared products, Wishlisted/Saved","Reviews/ratings, Price, Product appearance, Availability"
c19bba14-037b-4154-98ae-9037dda6fe1a,best and useful,Direct,positive,"Purchased, Wishlisted/Saved, Compared products","Availability, Recommendations, Reviews/ratings, Product comparison, Delivery, Product appearance, Product discovery, Price, Return/Exchange"
42b628d4-9a03-4c67-ba4c-a071ab05d61c,its too good,Direct,positive,"Purchased, Considered but didn't buy, Compared products, Wishlisted/Saved","Choice overload, Availability, Product appearance, Size/Fit, Price, Reviews/ratings, Trust, Delivery, Recommendations"
3178c6bc-8675-452b-8926-622285b31bc3,good,Indirect,positive,"Purchased, Compared products, Wishlisted/Saved, Considered but didn't buy","Availability, Reviews/ratings, Product appearance, Recommendations, Size/Fit, Quality uncertainty, Trust, Price"
274f6d51-1e17-44b2-be0c-d520aa1c2754,amazing,Indirect,positive,"Purchased, Compared products, Wishlisted/Saved","Availability, Reviews/ratings, Product appearance, Price, Recommendations, Trust, Size/Fit"
57f59b16-386f-4c2b-b502-5b05377e66eb,good,Indirect,positive,"Purchased, Compared products, Wishlisted/Saved, Considered but didn't buy","Availability, Reviews/ratings, Product appearance, Recommendations, Size/Fit, Quality uncertainty, Trust, Price"
7ec5d557-1cb3-485b-be6f-f958039888d8,awesome,Indirect,positive,"Purchased, Wishlisted/Saved, Compared products, Considered but didn't buy","Availability, Product appearance, Reviews/ratings, Price, Product discovery, Trust, Delivery, Recommendations"
4adb548d-536e-4f88-9590-1bcbb1764d2b,op app,Indirect,neutral,Purchased,Delivery
0811583e-7a9d-40a0-8d40-7f0170423988,very good,Indirect,positive,"Purchased, Compared products, Wishlisted/Saved","Reviews/ratings, Price, Product appearance, Availability, Delivery, Size/Fit, Recommendations"
8b3d1f79-9532-40ac-847f-890645e613cb,"​Myntra का एक्सपीरियंस हमेशा 10/10 रहता है! ऑर्डर प्लेस करने से लेकर डिलीवरी तक सब कुछ बेहद आसान और फास्ट था। साड़ी की क्वालिटी, कलर और पैकेजिंग सब A1 है। ​Myntra से बेस्ट एक्सपीरियंस! फास्ट डिलीवरी, नीट पैकेजिंग और परफेक्ट क्वालिटी प्रोडक्ट। 5/5 स्टार्स बिना किसी शक के! शॉपिंग के लिए Myntra हमेशा मेरी पहली पसंद रहेगा!",Indirect,neutral,"Purchased, Considered but didn't buy, Waiting, Compared products","Availability, Price, Delivery, Quality uncertainty, Product appearance, Return/Exchange, Trust, Product discovery, Product comparison, Discount waiting, Recommendations"
5436e0ca-af31-44ad-a314-ccda355e74fe,best shopping platform for every occasion.,Direct,positive,"Purchased, Wishlisted/Saved, Compared products","Choice overload, Product discovery, Recommendations, Product comparison, Price, Delivery, Availability, Product appearance, Reviews/ratings, Size/Fit"
d37f3041-383a-4761-bfde-61b730d39771,wonderful products quality are very good 😊 purchase karne ke liye bahut hi achcha hai,Direct,positive,"Purchased, Compared products, Wishlisted/Saved","Reviews/ratings, Product comparison, Price, Recommendations, Availability, Delivery, Product discovery, Trust"
c0060d8b-c46e-418b-a6e3-391c26dd6819,nice 👍🙂,Indirect,positive,"Purchased, Wishlisted/Saved, Compared products, Considered but didn't buy","Product appearance, Reviews/ratings, Trust, Return/Exchange"
c67faf38-02c0-4dc5-a198-53b4f5a3a217,Just Wow,Direct,positive,"Purchased, Compared products","Choice overload, Availability, Product appearance"
ff23cdb8-fa26-45b8-a51a-8adea02411e9,order has been cancelled on delivery date😒,Indirect,negative,"Considered but didn't buy, Purchased, Compared products","Delivery, Price, Product appearance, Discount waiting, Quality uncertainty, Size/Fit"
d50c5b18-59c7-4d46-8b68-f1c507da95aa,i have very bad experience on this app,Indirect,negative,,Reviews/ratings
0855a551-39de-4abe-9a5d-426ce6546c0f,good 😊,Indirect,positive,"Purchased, Wishlisted/Saved","Reviews/ratings, Availability"
75c480b0-56da-4ed3-a460-cd37229d774a,in so thankfull,Indirect,positive,"Wishlisted/Saved, Purchased",Availability
39cf10b7-365c-48c5-bac8-9594b6a0077c,nice,Indirect,positive,"Purchased, Considered but didn't buy, Wishlisted/Saved, Compared products","Product appearance, Reviews/ratings"
2a20f1c9-1c6b-46de-886d-7166aa16650b,good app,Indirect,positive,"Purchased, Wishlisted/Saved","Delivery, Product discovery, Reviews/ratings, Recommendations"
4fe3a495-d455-48d3-bf56-f30f70076a3e,very nice good quality product I love it thanks mytra,Direct,positive,"Purchased, Compared products, Wishlisted/Saved","Reviews/ratings, Price, Product appearance, Product discovery, Delivery, Availability, Size/Fit, Product comparison, Recommendations, Trust"
0cce99fe-fd10-4b0d-b544-b1a3e373c33d,good packaging and shipment also 👌,Indirect,positive,"Purchased, Wishlisted/Saved, Compared products","Delivery, Product appearance"
55124463-a830-4c96-bc12-94f5c739231e,good Experience,Direct,positive,"Purchased, Wishlisted/Saved, Compared products","Reviews/ratings, Availability, Trust, Delivery, Return/Exchange"
926b7d29-cf17-4708-9bf9-7296f770660a,good,Indirect,positive,"Purchased, Compared products, Wishlisted/Saved, Considered but didn't buy","Availability, Reviews/ratings, Product appearance, Recommendations, Size/Fit, Quality uncertainty, Trust, Price"
a501cb45-340b-4823-8b64-b74ab1ad9eb6,♥️♥️♥️♥️,Indirect,positive,"Purchased, Considered but didn't buy, Wishlisted/Saved, Compared products","Reviews/ratings, Price, Product appearance, Recommendations, Trust, Availability, Quality uncertainty, Return/Exchange, Product comparison"
37998f62-5fb4-4c8c-bd1d-a33368bf84bb,"Worst app, worst experience. Please don't trust Myntra, they can't do their job properly. I had to do their job of trying to collect my order from their warehouse because they never made any real delivery attempt and instead cancelled it by saying they made multiple attempts. Utter waste of my time and money. I don't recommend this experience to anyone.",Indirect,negative,"Purchased, Compared products, Waiting, Considered but didn't buy, Wishlisted/Saved","Quality uncertainty, Reviews/ratings, Choice overload, Trust, Discount waiting, Recommendations, Product appearance, Size/Fit, Product comparison, Delivery, Availability, Return/Exchange, Product discovery, Price"
4880f328-32b1-4dfe-a351-1b261ea373a7,absolute 🎉super collections,Direct,positive,"Compared products, Purchased",Availability
0106ef1c-36b7-4c83-b208-19f3c2d672f9,excellent,Indirect,positive,"Purchased, Compared products, Wishlisted/Saved","Reviews/ratings, Product appearance, Availability, Price, Size/Fit, Delivery, Recommendations, Trust, Return/Exchange"
d5392517-7e5f-4c6f-b55f-86d5b2fc2c74,Nice platform,Indirect,positive,"Purchased, Compared products, Considered but didn't buy, Wishlisted/Saved","Product appearance, Delivery"
a2e6ea6d-ed86-4198-9ea1-129962d3e9b7,Great app,Indirect,positive,"Purchased, Wishlisted/Saved","Product discovery, Delivery"
65b04d04-f376-40fa-bd38-16fbd0ec45d0,"⭐ After the recent Myntra app update, I’m facing a serious issue with MynCash and Myntra Credit. My MynCash works only when I don’t use Myntra Credit. If I select Myntra Credit for payment, MynCash doesn’t get applied and sometimes the page keeps loading. However, when I don’t use Myntra Credit and choose UPI or Cash on Delivery, MynCash gets applied properly. This was working differently before the recent update. I’ve already contacted customer care, but the issue was not properly understood",Indirect,negative,"Purchased, Compared products, Waiting, Considered but didn't buy, Wishlisted/Saved","Quality uncertainty, Delivery, Discount waiting, Product appearance, Availability, Price, Trust, Size/Fit, Product comparison, Return/Exchange, Choice overload, Recommendations, Reviews/ratings, Product discovery"
fa688cf5-f7ec-42d5-871b-dc82252ca9fd,good,Indirect,positive,"Purchased, Compared products, Wishlisted/Saved, Considered but didn't buy","Availability, Reviews/ratings, Product appearance, Recommendations, Size/Fit, Quality uncertainty, Trust, Price"
b4ccd92f-fd41-4022-8532-93ec770ca02b,ok,Indirect,neutral,"Purchased, Considered but didn't buy, Compared products","Quality uncertainty, Product appearance, Availability, Return/Exchange"
349f3af3-3235-47bb-8045-2793446f3270,very bad customer service,Indirect,negative,Waiting,"Delivery, Price, Discount waiting, Reviews/ratings"
9bcb65bb-2320-4c2a-86a8-fa09526689e8,best app for shopping,Direct,positive,"Purchased, Compared products, Wishlisted/Saved","Product discovery, Price, Product comparison, Delivery, Recommendations, Size/Fit, Product appearance"
1795f0c2-88fd-4c4d-8712-41ef7dcbff5a,Edit - Myntra has definitely improved their logistics and customer support. Keep it up.,Direct,positive,"Purchased, Wishlisted/Saved, Compared products","Price, Recommendations, Delivery, Availability, Product appearance, Product comparison, Return/Exchange, Size/Fit, Reviews/ratings, Product discovery, Discount waiting"
46276c9f-a151-4e87-a8f6-cacd4e65d256,Amazing Experience ✴️✴️✴️✴️✴️,Direct,positive,"Wishlisted/Saved, Purchased, Compared products","Reviews/ratings, Availability, Choice overload, Trust"
384c31b3-2b71-42a9-95fc-b0f3c8d854cb,Best quality shopping app,Direct,positive,"Purchased, Wishlisted/Saved, Compared products","Product discovery, Product comparison, Delivery, Price, Recommendations, Product appearance, Size/Fit"
73b430a2-0be4-4067-8a57-6e90412d18df,Extremely poor customer service. Delivered a wrong product and now finding difficulty to exchange,Indirect,negative,"Compared products, Purchased, Waiting","Return/Exchange, Delivery, Size/Fit, Price, Quality uncertainty, Availability, Discount waiting"
750b9c12-2fb7-4136-9abb-1842dea6e2d4,best quality app i highly recommend service returs exchanges refunds are so smooth and with in an hour its done ... i am happy to use it and also prefer everybody to use 🥹,Direct,positive,"Purchased, Compared products, Wishlisted/Saved","Return/Exchange, Recommendations, Reviews/ratings, Delivery, Availability, Price, Trust, Size/Fit, Product discovery, Product appearance, Discount waiting, Product comparison"
64dbdcf7-9ae8-4775-8310-76fcf526f76e,very nice product,Direct,positive,"Purchased, Compared products, Considered but didn't buy, Wishlisted/Saved","Product appearance, Reviews/ratings, Price, Delivery, Availability, Size/Fit, Product comparison, Trust, Product discovery"
de36de32-bd03-4170-8083-56ea3f1cfd21,trustable app,Indirect,positive,Purchased,"Trust, Availability, Delivery, Price, Recommendations"
a00e7ad1-6536-45b7-9f57-516baaa881c5,Very good,Indirect,positive,"Purchased, Compared products, Wishlisted/Saved","Reviews/ratings, Product appearance, Availability, Price, Size/Fit, Delivery"
5f26e2ac-504a-4634-95c7-78d86c75bc56,Best,Direct,positive,"Purchased, Compared products, Wishlisted/Saved","Availability, Reviews/ratings, Recommendations, Product appearance, Product comparison, Price"
db02bdcb-8f54-402b-8097-21eb5722cc7a,wonderfull experience,Direct,positive,"Purchased, Wishlisted/Saved, Compared products","Reviews/ratings, Availability, Trust, Delivery, Product discovery, Price, Return/Exchange, Recommendations, Choice overload, Size/Fit"
146fd0d7-801f-4b4c-ada8-990c3c747f1d,"The delivery is taking a very long time. The delivery person is not answering the call ,and they are not attending delivery again either.",Indirect,negative,"Waiting, Purchased","Delivery, Discount waiting, Quality uncertainty"
1fa081c4-34fb-492c-99d1-aefd587a5a95,Excellent.,Indirect,positive,"Purchased, Compared products, Wishlisted/Saved, Considered but didn't buy, Waiting","Product appearance, Availability, Reviews/ratings, Size/Fit, Price, Delivery, Return/Exchange, Recommendations, Trust, Product comparison, Product discovery, Discount waiting, Quality uncertainty"
01315fbd-d625-4686-a49c-7246cc95bf6d,good 👍,Indirect,positive,"Purchased, Wishlisted/Saved, Compared products","Reviews/ratings, Availability, Trust, Product appearance"
45c50d8a-fd4c-498b-826d-85ad74d9065c,having low price product,Indirect,neutral,"Purchased, Compared products, Wishlisted/Saved, Considered but didn't buy","Price, Product comparison, Availability, Delivery, Discount waiting, Product appearance, Size/Fit, Product discovery, Recommendations"
2b4a2f90-85fa-47d9-8876-c41c3fe8b4ad,worst delivery service. even after sharing details there is no response why are you email I'd in each comment when you are giving any response,Indirect,negative,Waiting,"Delivery, Reviews/ratings, Discount waiting, Quality uncertainty"
f530ef25-355c-4687-a5ff-6f743463d024,i have seen the previous customers with same issue but still ordered trusting myntra and its return policy but guess what i was wrong they are telling me that correct item was delivered but i did not receive the correct brand product only i guess u should start open box delivery only then will u know how 5hey repack the cheap prroducts,Indirect,negative,"Purchased, Compared products","Quality uncertainty, Trust, Delivery, Availability, Return/Exchange, Product appearance, Price, Size/Fit, Product discovery, Product comparison, Reviews/ratings, Recommendations"
9bee5dec-220a-4cdb-9c49-b0a3e19ca455,very nice,Indirect,positive,"Purchased, Wishlisted/Saved, Compared products, Considered but didn't buy","Product appearance, Reviews/ratings, Price, Availability"
972a46ff-976f-4d50-bdf9-9ff79a8bf163,worst exchange process is so bad khud hi cancel ho jata h exchange wala process or exchange portal bhi bnd ho jata h jiske wajah ye log exchange hi nhi krtee had a very bad experience with customer care isse accha toh chota sa app meesho k exchange return policy better h aur help centre toh kissi kaam k nhi,Indirect,negative,"Purchased, Compared products, Considered but didn't buy, Wishlisted/Saved","Return/Exchange, Price, Recommendations"
b4cf9665-1946-4133-8108-fb10a6a885b4,excellent 👌👍,Indirect,positive,"Purchased, Compared products, Wishlisted/Saved","Reviews/ratings, Product appearance, Availability, Price, Size/Fit, Return/Exchange, Delivery, Trust, Recommendations, Product comparison"
85e09007-422e-48de-902c-59ca6c44cc36,very good quality 😃,Direct,positive,"Purchased, Compared products, Wishlisted/Saved, Considered but didn't buy","Reviews/ratings, Price, Size/Fit, Availability, Delivery, Product appearance, Product comparison, Trust"
568e5e58-fe33-4bc4-ad06-6e9ad10e5395,excellent,Indirect,positive,"Purchased, Compared products, Wishlisted/Saved","Reviews/ratings, Product appearance, Availability, Price, Size/Fit, Delivery, Recommendations, Trust, Return/Exchange"
cef84ac1-d5d4-4b8d-adc9-729904993f52,best app ever,Direct,positive,"Purchased, Wishlisted/Saved, Compared products","Reviews/ratings, Price, Delivery, Product discovery, Trust, Recommendations, Product comparison, Size/Fit"
dcb6311d-0d4b-4a66-8ec0-a6f9c8b48c03,great experience,Direct,positive,"Purchased, Compared products, Wishlisted/Saved","Availability, Reviews/ratings, Delivery, Price"
0f536999-08ca-43e5-83f9-4e56101534a8,good 😊,Indirect,positive,"Purchased, Wishlisted/Saved","Reviews/ratings, Availability"
e4eb55f9-bd84-4062-9399-f4ef2437fc66,very good,Indirect,positive,"Purchased, Compared products, Wishlisted/Saved","Reviews/ratings, Price, Product appearance, Availability, Delivery, Size/Fit, Recommendations"
b60bb1da-6dbc-4db5-9c3c-fd3bc49d9c08,I always enjoy shopping on this app. they have a huge variety of designs of shoes and clothes ...material of all the things was as described. Good pics and right explanations. I find shoppers reviews very useful.,Direct,positive,"Purchased, Compared products, Wishlisted/Saved, Considered but didn't buy","Product appearance, Reviews/ratings, Availability, Product comparison, Size/Fit, Product discovery, Price, Discount waiting, Delivery, Trust, Choice overload"
a1179234-8801-4ff0-94e4-07d35e037686,"very disappointing experience with myntra. this has happen to me twice now. i returned the products and the app showed that the refund has been processed, but I still haven't received the money in my account and the after waiting ,the refund amount has not been created. facing the same issue twice.. and I call the myntra help centre they was not responding properly.",Indirect,negative,"Purchased, Compared products, Waiting, Wishlisted/Saved, Considered but didn't buy","Quality uncertainty, Return/Exchange, Discount waiting, Reviews/ratings, Availability, Price, Product appearance, Size/Fit, Trust, Choice overload, Recommendations, Product comparison, Product discovery, Delivery"
22f9284b-d326-42e6-9340-3e30ad240c6f,nice,Indirect,positive,"Purchased, Considered but didn't buy, Wishlisted/Saved, Compared products","Product appearance, Reviews/ratings"
cfb3e0ee-ef5c-4db4-9e8a-66ce16df9982,Nice Product,Direct,positive,"Purchased, Compared products, Considered but didn't buy, Wishlisted/Saved","Product appearance, Reviews/ratings, Availability, Delivery, Size/Fit, Product comparison, Product discovery, Price"
98e8c7f6-1760-450c-bf43-f4a3cc4221fc,Good,Indirect,positive,"Purchased, Compared products, Wishlisted/Saved","Reviews/ratings, Availability, Size/Fit, Product appearance, Recommendations, Trust, Return/Exchange"
78bf052d-8de8-44ba-ae39-dd1f73859ab3,"getting few items within 2hrs and 1hr is superb, if we have lot more availability for the same day delivery, then it would be more great!!!",Indirect,positive,"Compared products, Purchased, Wishlisted/Saved","Availability, Delivery, Product appearance, Price, Recommendations"
d9f36e0b-87e2-470d-9d48-33ca97b43f46,quility and fiting is good,Indirect,positive,"Purchased, Compared products","Size/Fit, Recommendations, Availability, Reviews/ratings"
2e89d3f6-cce2-46c3-afb9-f0612f61871f,Good,Indirect,positive,"Purchased, Compared products, Wishlisted/Saved","Reviews/ratings, Availability, Size/Fit, Product appearance, Recommendations, Trust, Return/Exchange"
3997c2c3-9b2e-4bd2-bacc-a93fcd3c85ca,the aap is good,Indirect,positive,"Purchased, Compared products, Wishlisted/Saved, Considered but didn't buy","Availability, Product appearance, Reviews/ratings, Recommendations"
62e21b25-1f7d-485b-aa9c-d9f8a46495a3,good 😊👍,Indirect,positive,"Purchased, Wishlisted/Saved, Compared products","Reviews/ratings, Availability, Product appearance, Return/Exchange, Trust, Size/Fit, Recommendations, Price, Delivery"
ab678f7e-3f3a-400f-9a59-1d912f526d83,superb delivery and service,Direct,positive,"Compared products, Purchased, Wishlisted/Saved","Delivery, Availability, Reviews/ratings, Trust, Recommendations, Size/Fit, Price, Product appearance, Return/Exchange"
5cea5d27-f1de-4a61-86cb-93640efb6a29,fantastic purchase,Direct,positive,"Purchased, Compared products, Wishlisted/Saved","Price, Size/Fit, Reviews/ratings, Availability, Recommendations, Product appearance, Delivery, Product discovery, Trust, Product comparison, Choice overload, Return/Exchange, Discount waiting"
9aa9910d-dc5f-4e0f-a121-189506e22307,disaster,Indirect,negative,,
9e238e8d-5bad-4898-b864-3a8699a53030,good,Indirect,positive,"Purchased, Compared products, Wishlisted/Saved, Considered but didn't buy","Availability, Reviews/ratings, Product appearance, Recommendations, Size/Fit, Quality uncertainty, Trust, Price"
2cdef300-63a5-4070-9bd9-9729b1fe0de2,amazing 😍,Indirect,positive,"Purchased, Wishlisted/Saved, Compared products","Availability, Product appearance, Reviews/ratings, Choice overload, Price, Trust"
51eda690-0300-4e59-98a2-dc1a7dbae7b8,product quality wow so superb 👍👍👍👍👍👍👍👍👍👍👍👍👍,Direct,positive,"Compared products, Purchased, Wishlisted/Saved","Delivery, Choice overload, Availability, Reviews/ratings, Size/Fit, Product comparison, Price"
e5c24ef3-47b0-41fa-9fbb-ec3d521c67eb,I like using the app,Indirect,positive,"Purchased, Compared products, Wishlisted/Saved, Waiting","Delivery, Product discovery, Product appearance, Recommendations, Reviews/ratings"
a3eb5b50-e416-40d8-b87c-0238d1be9318,amazing app i really liked the offers on myntra nice experience,Indirect,positive,"Purchased, Considered but didn't buy, Compared products, Wishlisted/Saved","Reviews/ratings, Product comparison, Recommendations, Product discovery, Price, Product appearance, Availability"
757d99c8-dad7-498e-a3ab-c30bb641381e,Fabric is very soft and much comfortable to wear Ekdum First class Loving it,Direct,positive,"Purchased, Compared products, Wishlisted/Saved, Waiting","Reviews/ratings, Product discovery, Recommendations, Product appearance, Size/Fit, Price, Availability, Product comparison, Trust, Delivery"
936b4b3a-0a97-406b-bc54-290d00ca7dc6,excellent experience. nice products. good behavior all delivery boys.,Direct,positive,"Purchased, Compared products, Wishlisted/Saved","Delivery, Availability, Product appearance, Reviews/ratings, Price, Size/Fit, Recommendations, Return/Exchange, Trust"
d58241e6-2ff8-4926-bdc5-1add07aa8bc6,I love this application,Indirect,positive,"Purchased, Wishlisted/Saved","Return/Exchange, Delivery, Availability, Trust, Size/Fit, Product comparison, Recommendations, Product discovery"
188a758e-3533-4822-af5f-5bda37e89b23,fantastic,Indirect,positive,"Purchased, Compared products, Wishlisted/Saved, Considered but didn't buy","Reviews/ratings, Product appearance, Availability, Price, Delivery, Size/Fit, Recommendations, Return/Exchange, Trust, Product discovery"
51221181-e14d-4c42-ad86-05c6a7e8a21c,very good,Indirect,positive,"Purchased, Compared products, Wishlisted/Saved","Reviews/ratings, Price, Product appearance, Availability, Delivery, Size/Fit, Recommendations"
78bfc99d-9c42-4758-a6fc-9f084ea0f763,good,Indirect,positive,"Purchased, Compared products, Wishlisted/Saved, Considered but didn't buy","Availability, Reviews/ratings, Product appearance, Recommendations, Size/Fit, Quality uncertainty, Trust, Price"
9360054d-1b47-4c0e-97be-003c0c560948,prompt service,Direct,neutral,"Purchased, Compared products","Availability, Delivery, Recommendations"
760afee1-ac88-49f1-8551-514d651ec7b3,nice feature and exciting offers,Direct,positive,"Considered but didn't buy, Compared products, Wishlisted/Saved, Purchased","Choice overload, Product appearance, Product discovery, Availability, Price, Recommendations, Product comparison, Reviews/ratings, Discount waiting, Delivery, Return/Exchange"
544fbb5b-4d36-4fb5-95d5-3bdd3aa5e154,Perfect,Direct,positive,"Purchased, Wishlisted/Saved, Compared products","Size/Fit, Availability, Product appearance, Price, Delivery, Trust, Return/Exchange"
b82925ca-ab79-469c-8c6b-f9b137b790bf,amazing 😍😍🤩🤩,Indirect,positive,"Purchased, Compared products","Reviews/ratings, Choice overload, Product appearance"
55bb1bc0-5ed8-4516-b73e-6b04f231dca2,Nice,Indirect,positive,"Purchased, Wishlisted/Saved, Compared products, Considered but didn't buy","Product appearance, Reviews/ratings, Size/Fit, Availability, Price"
d2c70499-0c8c-41d6-aaa3-6e5f8d743dc0,Nice app,Indirect,positive,"Purchased, Wishlisted/Saved, Considered but didn't buy","Delivery, Product discovery"
547cc756-8046-42ba-89d1-e6fd6561282d,"The customer support is not at all active. I have tried numerous times to contact and resolve my issues, but none have been answered. Absolutely waste.",Indirect,negative,Waiting,"Quality uncertainty, Discount waiting"
0c3c7805-c60d-4ff0-b70f-9907259f304a,very nice,Indirect,positive,"Purchased, Wishlisted/Saved, Compared products, Considered but didn't buy","Product appearance, Reviews/ratings, Price, Availability"
a0db789f-55bc-495c-8c8d-802491ac1639,good,Indirect,positive,"Purchased, Compared products, Wishlisted/Saved, Considered but didn't buy","Availability, Reviews/ratings, Product appearance, Recommendations, Size/Fit, Quality uncertainty, Trust, Price"
c0f427d7-3c5b-43fa-99fa-cc0ea0858ccf,very good app,Indirect,positive,"Purchased, Wishlisted/Saved, Considered but didn't buy","Reviews/ratings, Delivery, Product discovery, Recommendations, Price, Availability"
f1f3a77c-8def-48a4-9145-84e312763106,Genuine Good quality products available,Direct,positive,"Purchased, Compared products, Considered but didn't buy, Wishlisted/Saved","Availability, Product comparison, Trust, Product discovery, Reviews/ratings, Recommendations, Size/Fit, Product appearance, Price, Delivery"
053abaed-c241-484d-a592-3b17fd42ac66,best products at bestest price,Direct,positive,"Wishlisted/Saved, Compared products, Purchased","Product comparison, Availability, Price, Recommendations, Product discovery, Delivery, Size/Fit, Choice overload, Discount waiting, Reviews/ratings, Trust"
c1741e47-7cfe-4985-82eb-fee58176672a,good,Indirect,positive,"Purchased, Compared products, Wishlisted/Saved, Considered but didn't buy","Availability, Reviews/ratings, Product appearance, Recommendations, Size/Fit, Quality uncertainty, Trust, Price"
8998121f-b7c3-40c1-b8ff-37f8b0966621,like this app,Indirect,negative,Purchased,
f74c933c-b16a-4e86-9cb0-f85c73d1a668,good👍,Indirect,positive,"Purchased, Wishlisted/Saved, Compared products","Reviews/ratings, Availability, Trust, Product appearance, Size/Fit, Return/Exchange, Recommendations"
ad97e5ce-0600-4647-a6d0-f1d61716d9b9,best,Indirect,positive,"Purchased, Wishlisted/Saved, Compared products, Considered but didn't buy","Availability, Recommendations, Reviews/ratings, Price, Product appearance"
d1891544-9fa6-4993-8826-6371c35284fc,superb,Direct,positive,"Purchased, Compared products, Wishlisted/Saved","Reviews/ratings, Product appearance, Availability, Size/Fit, Price, Delivery, Recommendations, Trust, Return/Exchange, Product comparison"
612b7ba9-ef28-4bc3-b1c0-9a9a5a0f9ce9,"One-stop shop for all my shopping needs! From hassle-free returns to reliable customer service and great price deals, this app never disappoints. 7 stars!",Direct,positive,"Purchased, Compared products, Wishlisted/Saved, Waiting","Reviews/ratings, Delivery, Price, Product appearance, Return/Exchange, Product comparison, Size/Fit, Discount waiting, Recommendations, Availability, Product discovery, Choice overload, Trust"
706ba271-f43e-4e79-bd4b-7fb8113d3d35,𝔞𝔳𝔢𝔯𝔞𝔤𝔢,Indirect,neutral,Purchased,
56f5b6f3-7e3a-433f-8190-9d48cb8cec7a,nice,Indirect,positive,"Purchased, Considered but didn't buy, Wishlisted/Saved, Compared products","Product appearance, Reviews/ratings"
d81e4be2-dd86-4eb8-8757-ccca1bf800f1,"very bad experience in myntra....your delivery boy has cheated us and gives us the wrong delivery parcel....my husband ordered a mufti jeans from myntra and he gave me the wrong flipkart parcel labeling of mufti jeans , after knowing the otp ..I want a strict action towards him and I want my refund / my order .",Indirect,negative,"Purchased, Compared products, Wishlisted/Saved, Waiting","Delivery, Reviews/ratings, Return/Exchange, Product appearance, Quality uncertainty, Size/Fit, Availability, Product discovery, Price, Trust, Recommendations, Product comparison, Choice overload, Discount waiting"
c884a942-397c-4ecf-9ca7-c83d268a1130,more collection I love it,Indirect,positive,"Purchased, Wishlisted/Saved, Compared products","Choice overload, Reviews/ratings, Product appearance, Price"
61a2c6dd-7f75-4725-9087-365ffc29a070,very good,Indirect,positive,"Purchased, Compared products, Wishlisted/Saved","Reviews/ratings, Price, Product appearance, Availability, Delivery, Size/Fit, Recommendations"
c2a0fd61-163c-4276-a3d4-7865b3b53873,Most irritating shopping app ever they are just giving discounts to be good but they are not able to deliver that discounted items. Delivery delayed for toooooo long and then atlast the order is cancelled by there own side 😡😡😡😡😡,Indirect,negative,"Waiting, Purchased, Compared products, Wishlisted/Saved","Discount waiting, Delivery, Quality uncertainty, Availability, Size/Fit, Price, Choice overload, Recommendations"
8710b82f-9e81-4a60-a427-4d7360198224,good experience,Indirect,positive,"Purchased, Wishlisted/Saved, Compared products","Availability, Reviews/ratings, Delivery, Trust, Return/Exchange, Price"
b8137893-64a2-4df9-91ed-c28266630e6c,nice quality,Indirect,positive,"Purchased, Compared products, Wishlisted/Saved, Considered but didn't buy","Product appearance, Reviews/ratings, Price, Size/Fit, Trust, Availability, Delivery, Recommendations"
bb40435b-a0a9-4408-b319-2c70f130373c,"dont order anything from myntra , they are carrying out systematic fraud .",Indirect,negative,Considered but didn't buy,
5155eaaf-4af2-47bf-85e4-e1a035c27b36,very good application to buy products in fashion,Indirect,positive,"Purchased, Compared products, Wishlisted/Saved","Product comparison, Product appearance, Product discovery"
8b55b34a-580e-4340-9150-271697b31611,nice°°,Indirect,positive,"Purchased, Considered but didn't buy, Wishlisted/Saved, Compared products","Reviews/ratings, Product appearance, Availability, Price, Recommendations"
6e859bbc-8503-4c1c-bc75-097b0cae0b22,myntra products are superb,Indirect,positive,"Compared products, Purchased, Considered but didn't buy, Wishlisted/Saved","Reviews/ratings, Product appearance, Product comparison, Price, Size/Fit, Availability"
ca86f73b-9a0a-426e-83e3-95be13bcf6e7,Myntra is a very good shopping platform where you can get good quality products at low prices.,Indirect,positive,"Purchased, Compared products, Considered but didn't buy","Product discovery, Price, Product comparison, Discount waiting, Product appearance, Size/Fit"
40836cf1-004a-4173-aa5f-ed46fda9685f,good products,Indirect,positive,"Compared products, Purchased, Considered but didn't buy, Wishlisted/Saved","Product comparison, Product appearance, Delivery, Reviews/ratings, Availability"
4de25844-7a4c-495c-a12c-7bb523148b9f,nice collection with good response,Direct,positive,"Purchased, Compared products, Considered but didn't buy","Reviews/ratings, Product appearance, Price, Return/Exchange"
2e6e2db2-1ec7-403b-987a-0b364c53ab03,"best aap , for shopping or discount",Direct,positive,"Wishlisted/Saved, Purchased, Compared products","Product comparison, Availability, Delivery, Recommendations, Price, Product discovery"
7bf2968a-8f0c-40b4-8f2b-1a52ce56661c,😍😍,Indirect,positive,"Purchased, Wishlisted/Saved",
dfa0cab7-bebe-40ec-9e76-b69bdd5eec1f,Great shopping experience,Direct,positive,"Purchased, Wishlisted/Saved, Compared products","Size/Fit, Reviews/ratings, Product appearance, Delivery, Product comparison, Product discovery, Choice overload, Price, Discount waiting, Availability"
dbd36590-96ce-4b01-be60-7698cc378e9c,good aap,Indirect,positive,"Purchased, Wishlisted/Saved","Availability, Reviews/ratings"
1b87e3bb-faf1-4adc-b270-74c5c9f7c78e,nice app,Indirect,positive,"Purchased, Wishlisted/Saved","Delivery, Product discovery, Reviews/ratings"
c8520652-089f-43cd-bace-7e2d34173d6a,good service Myntra,Direct,positive,"Purchased, Wishlisted/Saved, Compared products","Reviews/ratings, Price, Product appearance, Availability, Recommendations, Product discovery"
6cb32a89-c8b5-4442-8f76-a518e9703283,good quality materials from myntra with quick delivery,Direct,positive,"Purchased, Compared products, Wishlisted/Saved","Delivery, Availability, Product appearance, Price, Product discovery, Size/Fit"
8d5eeffc-89d4-4913-ab4f-a5404e224eef,good!!,Indirect,positive,"Purchased, Wishlisted/Saved, Compared products","Reviews/ratings, Availability, Size/Fit, Product appearance, Price, Trust"
b0623381-472e-4028-a87a-06fb0be83197,it's good but sum time it's too expensive,Indirect,negative,"Considered but didn't buy, Purchased, Compared products, Wishlisted/Saved, Waiting","Price, Quality uncertainty, Product comparison, Reviews/ratings, Recommendations, Product appearance, Availability, Delivery, Size/Fit"
9c13f2aa-b190-46ce-a3ad-94b5653f94ea,one of the best shopping app fast deliver...what I love is most the team they are very sweet and and soft spoken...whatever I purchase from myntra was authentic original...,Direct,positive,"Purchased, Compared products","Delivery, Availability, Reviews/ratings, Product appearance, Recommendations, Product discovery, Trust, Size/Fit, Discount waiting, Product comparison"
357a4c39-6b44-4197-88a3-5245da4a8fc5,nice for your daily style,Direct,positive,"Purchased, Wishlisted/Saved, Compared products","Product appearance, Size/Fit, Reviews/ratings"
0e14f161-d91f-42ae-8a03-643d4ca9b559,"“I’ve had a really good experience shopping on Myntra. The products are good quality, stylish, and worth the price. I’m very happy with my purchases and will definitely shop again. Highly recommended!”",Indirect,positive,"Purchased, Compared products, Wishlisted/Saved, Waiting","Reviews/ratings, Product appearance, Recommendations, Product comparison, Product discovery, Price, Availability, Quality uncertainty, Size/Fit, Return/Exchange, Discount waiting, Trust, Delivery, Choice overload"
83424d9b-8503-42ff-8e00-0ad3ac0c304a,very good app to order any item better than all the online shopping apps it have good offers and good prices better than all the other apps,Direct,positive,"Purchased, Compared products","Price, Delivery, Product comparison, Size/Fit, Discount waiting"
201cec51-9a28-4da1-a364-912d95fefa0e,best I ever see superb app,Direct,positive,"Wishlisted/Saved, Purchased, Compared products","Reviews/ratings, Product discovery, Product appearance, Availability, Delivery, Price, Product comparison, Recommendations"
3da91499-86af-4d2b-a88c-7628cc89eb96,excellent,Indirect,positive,"Purchased, Compared products, Wishlisted/Saved","Reviews/ratings, Product appearance, Availability, Price, Size/Fit, Delivery, Recommendations, Trust, Return/Exchange"
c5296a4b-b5f8-4c40-b5b6-3bb10f9ce9fd,"Mantra Fashion has a great collection of stylish products at reasonable prices. The quality is good, and the products look just like the pictures. Delivery was quick and the packaging was neat. Overall, a smooth shopping experience—would definitely recommend. Customer support is excellent",Direct,positive,"Purchased, Compared products, Wishlisted/Saved, Waiting, Considered but didn't buy","Recommendations, Reviews/ratings, Product appearance, Delivery, Availability, Product discovery, Price, Discount waiting, Product comparison, Size/Fit, Trust, Return/Exchange, Quality uncertainty, Choice overload"
95362cfe-addb-41a3-9b1f-2ab5438d2d51,"I had a wonderful experience shopping on the app. So far I have only purchased clothes, but the entire process has been extremely smooth and easy. The deliveries are prompt, and even the return process is quick and completely hassle-free—just a simple click. What impressed me most was the speed of the refunds; the amount was credited within hours on the very same day. Overall, it has been an amazing shopping experience. 😊",Direct,positive,"Purchased, Wishlisted/Saved, Compared products, Waiting, Considered but didn't buy","Return/Exchange, Delivery, Availability, Price, Trust, Size/Fit, Product appearance, Reviews/ratings, Recommendations, Product comparison, Product discovery, Discount waiting, Quality uncertainty, Choice overload"
c708540e-fd00-4b3e-97f7-d6b20ec891b2,"excellent place to shop. awsome quality products, easy and express shipping, affordable and stylish. A complete family styling store. Love shopping from myntra",Direct,positive,"Purchased, Compared products, Wishlisted/Saved","Reviews/ratings, Product appearance, Availability, Product discovery, Delivery, Quality uncertainty, Recommendations, Product comparison, Price, Choice overload"
8b40e63f-37de-48c8-8983-26595b0b6c52,bestest,Direct,positive,"Purchased, Compared products, Wishlisted/Saved, Considered but didn't buy","Reviews/ratings, Availability, Recommendations, Price, Product appearance"
9b991487-060c-4f7b-85f8-1efa04639d1c,good,Indirect,positive,"Purchased, Compared products, Wishlisted/Saved, Considered but didn't buy","Availability, Reviews/ratings, Product appearance, Recommendations, Size/Fit, Quality uncertainty, Trust, Price"
3d9bc089-0966-4efb-899f-b35e33c3bc98,good,Indirect,positive,"Purchased, Compared products, Wishlisted/Saved, Considered but didn't buy","Availability, Reviews/ratings, Product appearance, Recommendations, Size/Fit, Quality uncertainty, Trust, Price"
a09850f6-3b09-4d6a-a3c2-9ccdb55db55f,good experience 😸,Indirect,positive,Purchased,
3feb2a6b-8b53-4bdb-99e9-73fa930568ce,good,Indirect,positive,"Purchased, Compared products, Wishlisted/Saved, Considered but didn't buy","Availability, Reviews/ratings, Product appearance, Recommendations, Size/Fit, Quality uncertainty, Trust, Price"
9b791bd7-0ec2-4e20-99a7-714e31419843,really bad experience,Indirect,negative,"Compared products, Considered but didn't buy","Delivery, Price, Reviews/ratings, Choice overload"
c1f91c6a-1526-4af4-9037-154e005b6543,best,Indirect,positive,"Purchased, Wishlisted/Saved, Compared products, Considered but didn't buy","Availability, Recommendations, Reviews/ratings, Price, Product appearance"
a6ed86fd-3132-4d2f-94d6-894bcad0dd89,super,Direct,positive,"Purchased, Compared products, Wishlisted/Saved","Availability, Product appearance, Size/Fit"
e7a9d1ca-72d5-44fe-89ee-5b8389ceefd9,very amazing app for all the users,Direct,positive,"Purchased, Compared products","Reviews/ratings, Product discovery, Recommendations, Size/Fit, Availability, Delivery, Trust"
863089ac-4d17-4eba-be6b-3da1a49efe93,excellent,Indirect,positive,"Purchased, Compared products, Wishlisted/Saved","Reviews/ratings, Product appearance, Availability, Price, Size/Fit, Delivery, Recommendations, Trust, Return/Exchange"
037b18c7-19db-4cce-9776-6d522b4124fa,very good app,Indirect,positive,"Purchased, Wishlisted/Saved, Considered but didn't buy","Reviews/ratings, Delivery, Product discovery, Recommendations, Price, Availability"
2ade3de7-4881-4e28-8295-071ac6ce8fe8,Best App,Direct,positive,"Purchased, Compared products, Wishlisted/Saved","Product comparison, Availability, Delivery, Product discovery, Recommendations, Reviews/ratings"
1df533e3-9d07-43ab-a2b9-bca68e610af1,wonderful,Indirect,positive,"Purchased, Compared products, Wishlisted/Saved","Reviews/ratings, Product appearance, Availability, Price, Trust, Recommendations, Size/Fit, Delivery"
791a2b50-06bd-48be-9149-07feefcebb9b,unique product 💝,Indirect,positive,"Compared products, Purchased, Wishlisted/Saved","Product discovery, Availability, Product appearance, Price, Delivery, Reviews/ratings, Trust"
201c1ac3-96ba-46c1-bd61-650f2c8a4798,awesome,Indirect,positive,"Purchased, Wishlisted/Saved, Compared products, Considered but didn't buy","Availability, Product appearance, Reviews/ratings, Price, Product discovery, Trust, Delivery, Recommendations"
072f8214-1925-4b09-aa0b-62f6237160ac,good,Indirect,positive,"Purchased, Compared products, Wishlisted/Saved, Considered but didn't buy","Availability, Reviews/ratings, Product appearance, Recommendations, Size/Fit, Quality uncertainty, Trust, Price"
628a17c0-00ee-4605-80cf-c9b76d73ed52,good Quality,Direct,positive,"Purchased, Compared products, Wishlisted/Saved, Considered but didn't buy","Trust, Reviews/ratings, Availability, Size/Fit, Delivery"
25e7d0cb-3302-4bf8-8f97-517884d37db1,the quality of the product are good,Direct,positive,"Purchased, Compared products, Wishlisted/Saved, Considered but didn't buy","Product comparison, Delivery, Size/Fit, Reviews/ratings, Availability, Return/Exchange"
ae81cf20-9576-4f14-acb8-bc6071e32a51,good,Indirect,positive,"Purchased, Compared products, Wishlisted/Saved, Considered but didn't buy","Availability, Reviews/ratings, Product appearance, Recommendations, Size/Fit, Quality uncertainty, Trust, Price"
eba13036-b46d-465c-be0d-6b835e28c9d9,very good app,Indirect,positive,"Purchased, Wishlisted/Saved, Considered but didn't buy","Reviews/ratings, Delivery, Product discovery, Recommendations, Price, Availability"
87192489-5797-417d-90b0-f280ed1e2e98,very good app for fashion,Indirect,positive,"Purchased, Wishlisted/Saved",Size/Fit
02fdebfb-56be-4983-b6d9-61f8bbb2015d,all products is very good,Direct,positive,"Purchased, Compared products, Wishlisted/Saved","Reviews/ratings, Product comparison, Product appearance, Availability, Delivery"
f546e924-345f-414b-ac40-b1ac5bc8455c,Myntra is an amazing app. I love it because you never have to worry about the quality and authenticity of the brand plus the prices are also well moderated. Overall a great app and well maintained by the team.,Indirect,positive,"Purchased, Compared products, Wishlisted/Saved, Considered but didn't buy","Price, Reviews/ratings, Product comparison, Product appearance, Product discovery, Availability, Quality uncertainty, Recommendations, Trust, Size/Fit, Discount waiting, Return/Exchange"
f204f951-7625-4e05-837f-6f094919beb2,good app highly recommend,Direct,positive,"Wishlisted/Saved, Purchased, Compared products, Waiting","Reviews/ratings, Recommendations, Delivery, Product discovery, Price, Trust, Availability, Product comparison, Size/Fit, Return/Exchange"
c62e4fd8-c935-463c-bcb0-96ed430e1296,good app for shoping,Direct,positive,"Purchased, Compared products, Wishlisted/Saved","Product discovery, Product comparison, Price, Delivery, Size/Fit, Recommendations"
7c4821d0-0792-489f-a2da-40e4421ecd6b,best shopping app,Direct,positive,"Purchased, Wishlisted/Saved, Compared products","Product discovery, Delivery, Price, Product comparison, Recommendations"
80f31580-9b60-440b-bfe2-8cc36269a8ab,this is an amazing platform to buy real and original product,Direct,positive,"Purchased, Compared products, Wishlisted/Saved","Product discovery, Price, Availability, Delivery, Product comparison, Product appearance, Recommendations"
d91e8a96-13dd-48e3-bb9f-7f5a5d07124a,What I really appreciate is Myntra's style exchange ***** for that,Indirect,positive,"Purchased, Compared products",Product appearance
c2f3a53d-0be0-49e8-9532-71177cb0fcd9,awesome experience as a active user,Direct,positive,"Compared products, Wishlisted/Saved, Purchased","Availability, Reviews/ratings, Product discovery, Recommendations, Delivery, Price"
127ab184-30e7-4a75-bb47-c4ea263dcb86,I like the website,Indirect,positive,"Considered but didn't buy, Purchased, Wishlisted/Saved, Compared products, Waiting","Product appearance, Reviews/ratings, Product discovery, Size/Fit, Price, Recommendations"
cc9da721-d777-41a2-b702-d65be6537a6e,The quality of the products are really good.,Direct,positive,"Compared products, Purchased, Wishlisted/Saved, Considered but didn't buy","Product comparison, Size/Fit, Delivery, Reviews/ratings, Price, Availability, Recommendations, Trust, Return/Exchange"
564d62b0-f990-44fd-90ca-21c27909d6e7,great,Indirect,positive,"Purchased, Compared products, Wishlisted/Saved","Availability, Reviews/ratings, Product appearance"
a060edc1-39f9-451f-a594-ddb66eef124a,"Myntra has a fantastic collection of trendy clothes and top brands. The app interface is smooth, making it very easy to filter and find the right products. Delivery is consistently on time, and the tracking updates are accurate. The return and refund process is also hassle-free, making it a reliable app for everyday fashion shopping.""love myntra ❤️",Direct,positive,"Compared products, Purchased, Wishlisted/Saved, Waiting, Considered but didn't buy","Return/Exchange, Product appearance, Product discovery, Delivery, Reviews/ratings, Availability, Price, Trust, Discount waiting, Size/Fit, Product comparison, Recommendations, Choice overload, Quality uncertainty"
d10fad03-d718-4b5d-a1ba-b6ba5f80717e,hyy myntra you are a great doing well work on good and genuine products I love to buy from.myntra,Direct,positive,"Purchased, Compared products, Wishlisted/Saved","Availability, Price, Product appearance, Reviews/ratings, Trust, Delivery, Product discovery, Size/Fit"
0d679e90-1d6c-4211-bd47-672801a16da0,bahuth aacha he,Indirect,neutral,"Purchased, Considered but didn't buy",
b5437fd2-3f00-40da-9024-43389587ffcf,plz just decrease the price of convenience fee and delivery fee it 23 rupees is so high and other than that 10 for cod ...,Indirect,negative,"Wishlisted/Saved, Purchased","Recommendations, Price, Delivery, Choice overload"
648e00d2-c508-4d0a-b173-015ae93186a9,my experience was very good and positive with myntra,Direct,positive,"Compared products, Purchased","Reviews/ratings, Product appearance, Product discovery, Product comparison, Availability"
d949528e-f723-4eb4-add9-f0ca5ceed23f,very beautiful and best quality product 💝💝 thank you myntra ❤️,Indirect,positive,"Purchased, Compared products, Wishlisted/Saved","Product appearance, Reviews/ratings, Product discovery, Price"
7c9f010c-59c0-490e-8ac6-61c0f866a02f,good,Indirect,positive,"Purchased, Compared products, Wishlisted/Saved, Considered but didn't buy","Availability, Reviews/ratings, Product appearance, Recommendations, Size/Fit, Quality uncertainty, Trust, Price"
8ca994aa-b1f2-4105-97d0-160f66ae8a9b,The branded products are available with wide range and lots of comfort,Direct,positive,"Compared products, Purchased","Availability, Product appearance, Size/Fit, Product comparison, Choice overload, Price, Product discovery, Trust, Delivery, Recommendations, Return/Exchange, Reviews/ratings"
